Name	Timestep	Value
Nature action	1	Nature-evolve
Nature category	1	0
Nature days	1	0
Nature location	1	none
Nature phase	1	none
Nature action	2	Nature-evolve
Nature category	2	0
Nature days	2	1
Nature location	2	none
Nature phase	2	none
Nature action	3	Nature-evolve
Nature category	3	0
Nature days	3	2
Nature location	3	none
Nature phase	3	none
Nature action	4	Nature-evolve
Nature category	4	1
Nature days	4	0
Nature location	4	Region13
Nature phase	4	approaching
Nature action	5	Nature-evolve
Nature category	5	1
Nature days	5	1
Nature location	5	Region13
Nature phase	5	approaching
Nature action	6	Nature-evolve
Nature category	6	2
Nature days	6	2
Nature location	6	Region13
Nature phase	6	approaching
Nature action	7	Nature-evolve
Nature category	7	2
Nature days	7	0
Nature location	7	Region13
Nature phase	7	active
Nature action	8	Nature-evolve
Nature category	8	2
Nature days	8	1
Nature location	8	Region14
Nature phase	8	active
Nature action	9	Nature-evolve
Nature category	9	2
Nature days	9	2
Nature location	9	Region15
Nature phase	9	active
Nature action	10	Nature-evolve
Nature category	10	2
Nature days	10	3
Nature location	10	Region16
Nature phase	10	active
Nature action	11	Nature-evolve
Nature category	11	2
Nature days	11	4
Nature location	11	none
Nature phase	11	active
Nature action	12	Nature-evolve
Nature category	12	0
Nature days	12	0
Nature location	12	none
Nature phase	12	none
Nature action	13	Nature-evolve
Nature category	13	0
Nature days	13	1
Nature location	13	none
Nature phase	13	none
Nature action	14	Nature-evolve
Nature category	14	0
Nature days	14	2
Nature location	14	none
Nature phase	14	none
Nature action	15	Nature-evolve
Nature category	15	2
Nature days	15	0
Nature location	15	Region05
Nature phase	15	approaching
Nature action	16	Nature-evolve
Nature category	16	2
Nature days	16	1
Nature location	16	Region05
Nature phase	16	approaching
Nature action	17	Nature-evolve
Nature category	17	1
Nature days	17	2
Nature location	17	Region05
Nature phase	17	approaching
Nature action	18	Nature-evolve
Nature category	18	1
Nature days	18	3
Nature location	18	Region05
Nature phase	18	approaching
Nature action	19	Nature-evolve
Nature category	19	1
Nature days	19	0
Nature location	19	Region05
Nature phase	19	active
Nature action	20	Nature-evolve
Nature category	20	1
Nature days	20	1
Nature location	20	Region06
Nature phase	20	active
Nature action	21	Nature-evolve
Nature category	21	1
Nature days	21	2
Nature location	21	Region06
Nature phase	21	active
Nature action	22	Nature-evolve
Nature category	22	1
Nature days	22	3
Nature location	22	Region02
Nature phase	22	active
Nature action	23	Nature-evolve
Nature category	23	1
Nature days	23	4
Nature location	23	none
Nature phase	23	active
Nature action	24	Nature-evolve
Nature category	24	0
Nature days	24	0
Nature location	24	none
Nature phase	24	none
Nature action	25	Nature-evolve
Nature category	25	0
Nature days	25	1
Nature location	25	none
Nature phase	25	none
Nature action	26	Nature-evolve
Nature category	26	0
Nature days	26	2
Nature location	26	none
Nature phase	26	none
Nature action	27	Nature-evolve
Nature category	27	0
Nature days	27	3
Nature location	27	none
Nature phase	27	none
Nature action	28	Nature-evolve
Nature category	28	5
Nature days	28	0
Nature location	28	Region05
Nature phase	28	approaching
Nature action	29	Nature-evolve
Nature category	29	4
Nature days	29	1
Nature location	29	Region05
Nature phase	29	approaching
Nature action	30	Nature-evolve
Nature category	30	5
Nature days	30	2
Nature location	30	Region05
Nature phase	30	approaching
Nature action	31	Nature-evolve
Nature category	31	5
Nature days	31	0
Nature location	31	Region05
Nature phase	31	active
Nature action	32	Nature-evolve
Nature category	32	5
Nature days	32	1
Nature location	32	Region06
Nature phase	32	active
Nature action	33	Nature-evolve
Nature category	33	5
Nature days	33	2
Nature location	33	Region02
Nature phase	33	active
Nature action	34	Nature-evolve
Nature category	34	5
Nature days	34	3
Nature location	34	Region03
Nature phase	34	active
Nature action	35	Nature-evolve
Nature category	35	5
Nature days	35	4
Nature location	35	Region03
Nature phase	35	active
Nature action	36	Nature-evolve
Nature category	36	5
Nature days	36	5
Nature location	36	Region04
Nature phase	36	active
Nature action	37	Nature-evolve
Nature category	37	5
Nature days	37	6
Nature location	37	none
Nature phase	37	active
Nature action	38	Nature-evolve
Nature category	38	0
Nature days	38	0
Nature location	38	none
Nature phase	38	none
Nature action	39	Nature-evolve
Nature category	39	0
Nature days	39	1
Nature location	39	none
Nature phase	39	none
Nature action	40	Nature-evolve
Nature category	40	0
Nature days	40	2
Nature location	40	none
Nature phase	40	none
Nature action	41	Nature-evolve
Nature category	41	5
Nature days	41	0
Nature location	41	Region05
Nature phase	41	approaching
Nature action	42	Nature-evolve
Nature category	42	4
Nature days	42	1
Nature location	42	Region05
Nature phase	42	approaching
Nature action	43	Nature-evolve
Nature category	43	3
Nature days	43	2
Nature location	43	Region05
Nature phase	43	approaching
Nature action	44	Nature-evolve
Nature category	44	3
Nature days	44	0
Nature location	44	Region05
Nature phase	44	active
Nature action	45	Nature-evolve
Nature category	45	3
Nature days	45	1
Nature location	45	Region06
Nature phase	45	active
Nature action	46	Nature-evolve
Nature category	46	3
Nature days	46	2
Nature location	46	Region07
Nature phase	46	active
Nature action	47	Nature-evolve
Nature category	47	3
Nature days	47	3
Nature location	47	Region07
Nature phase	47	active
Nature action	48	Nature-evolve
Nature category	48	3
Nature days	48	4
Nature location	48	Region08
Nature phase	48	active
Nature action	49	Nature-evolve
Nature category	49	3
Nature days	49	5
Nature location	49	none
Nature phase	49	active
Nature action	50	Nature-evolve
Nature category	50	0
Nature days	50	0
Nature location	50	none
Nature phase	50	none
Nature action	51	Nature-evolve
Nature category	51	0
Nature days	51	1
Nature location	51	none
Nature phase	51	none
Nature action	52	Nature-evolve
Nature category	52	0
Nature days	52	2
Nature location	52	none
Nature phase	52	none
Nature action	53	Nature-evolve
Nature category	53	2
Nature days	53	0
Nature location	53	Region09
Nature phase	53	approaching
Nature action	54	Nature-evolve
Nature category	54	2
Nature days	54	1
Nature location	54	Region09
Nature phase	54	approaching
Nature action	55	Nature-evolve
Nature category	55	3
Nature days	55	2
Nature location	55	Region09
Nature phase	55	approaching
Nature action	56	Nature-evolve
Nature category	56	3
Nature days	56	3
Nature location	56	Region09
Nature phase	56	approaching
Nature action	57	Nature-evolve
Nature category	57	3
Nature days	57	4
Nature location	57	Region09
Nature phase	57	approaching
Nature action	58	Nature-evolve
Nature category	58	3
Nature days	58	0
Nature location	58	Region09
Nature phase	58	active
Nature action	59	Nature-evolve
Nature category	59	3
Nature days	59	1
Nature location	59	Region10
Nature phase	59	active
Nature action	60	Nature-evolve
Nature category	60	3
Nature days	60	2
Nature location	60	Region11
Nature phase	60	active
Nature action	61	Nature-evolve
Nature category	61	3
Nature days	61	3
Nature location	61	Region07
Nature phase	61	active
Nature action	62	Nature-evolve
Nature category	62	3
Nature days	62	4
Nature location	62	Region08
Nature phase	62	active
Nature action	63	Nature-evolve
Nature category	63	3
Nature days	63	5
Nature location	63	Region08
Nature phase	63	active
Nature action	64	Nature-evolve
Nature category	64	3
Nature days	64	6
Nature location	64	Region04
Nature phase	64	active
Nature action	65	Nature-evolve
Nature category	65	3
Nature days	65	7
Nature location	65	Region04
Nature phase	65	active
Nature action	66	Nature-evolve
Nature category	66	3
Nature days	66	8
Nature location	66	Region04
Nature phase	66	active
Nature action	67	Nature-evolve
Nature category	67	3
Nature days	67	9
Nature location	67	none
Nature phase	67	active
Nature action	68	Nature-evolve
Nature category	68	0
Nature days	68	0
Nature location	68	none
Nature phase	68	none
Nature action	69	Nature-evolve
Nature category	69	0
Nature days	69	1
Nature location	69	none
Nature phase	69	none
Nature action	70	Nature-evolve
Nature category	70	0
Nature days	70	2
Nature location	70	none
Nature phase	70	none
Nature action	71	Nature-evolve
Nature category	71	0
Nature days	71	3
Nature location	71	none
Nature phase	71	none
Nature action	72	Nature-evolve
Nature category	72	2
Nature days	72	0
Nature location	72	Region05
Nature phase	72	approaching
Nature action	73	Nature-evolve
Nature category	73	2
Nature days	73	1
Nature location	73	Region05
Nature phase	73	approaching
Nature action	74	Nature-evolve
Nature category	74	3
Nature days	74	2
Nature location	74	Region05
Nature phase	74	approaching
Nature action	75	Nature-evolve
Nature category	75	4
Nature days	75	3
Nature location	75	Region05
Nature phase	75	approaching
Nature action	76	Nature-evolve
Nature category	76	4
Nature days	76	0
Nature location	76	Region05
Nature phase	76	active
Nature action	77	Nature-evolve
Nature category	77	4
Nature days	77	1
Nature location	77	Region06
Nature phase	77	active
Nature action	78	Nature-evolve
Nature category	78	4
Nature days	78	2
Nature location	78	Region02
Nature phase	78	active
Nature action	79	Nature-evolve
Nature category	79	4
Nature days	79	3
Nature location	79	none
Nature phase	79	active
Nature action	80	Nature-evolve
Nature category	80	0
Nature days	80	0
Nature location	80	none
Nature phase	80	none
Nature action	81	Nature-evolve
Nature category	81	0
Nature days	81	1
Nature location	81	none
Nature phase	81	none
Nature action	82	Nature-evolve
Nature category	82	0
Nature days	82	2
Nature location	82	none
Nature phase	82	none
Nature action	82	Nature-evolve
Nature category	82	0
Nature days	82	0
Nature location	82	none
Nature phase	82	none
Nature action	83	Nature-evolve
Nature category	83	0
Nature days	83	1
Nature location	83	none
Nature phase	83	none
Nature action	84	Nature-evolve
Nature category	84	0
Nature days	84	2
Nature location	84	none
Nature phase	84	none
Nature action	85	Nature-evolve
Nature category	85	2
Nature days	85	0
Nature location	85	Region09
Nature phase	85	approaching
Nature action	86	Nature-evolve
Nature category	86	3
Nature days	86	1
Nature location	86	Region09
Nature phase	86	approaching
Nature action	87	Nature-evolve
Nature category	87	3
Nature days	87	2
Nature location	87	Region09
Nature phase	87	approaching
Nature action	88	Nature-evolve
Nature category	88	3
Nature days	88	0
Nature location	88	Region09
Nature phase	88	active
Nature action	89	Nature-evolve
Nature category	89	3
Nature days	89	1
Nature location	89	Region10
Nature phase	89	active
Nature action	90	Nature-evolve
Nature category	90	3
Nature days	90	2
Nature location	90	Region06
Nature phase	90	active
Nature action	91	Nature-evolve
Nature category	91	3
Nature days	91	3
Nature location	91	Region02
Nature phase	91	active
Nature action	92	Nature-evolve
Nature category	92	3
Nature days	92	4
Nature location	92	none
Nature phase	92	active
Nature action	93	Nature-evolve
Nature category	93	0
Nature days	93	0
Nature location	93	none
Nature phase	93	none
Nature action	94	Nature-evolve
Nature category	94	0
Nature days	94	1
Nature location	94	none
Nature phase	94	none
Nature action	95	Nature-evolve
Nature category	95	0
Nature days	95	2
Nature location	95	none
Nature phase	95	none
Nature action	96	Nature-evolve
Nature category	96	3
Nature days	96	0
Nature location	96	Region09
Nature phase	96	approaching
Nature action	97	Nature-evolve
Nature category	97	3
Nature days	97	1
Nature location	97	Region09
Nature phase	97	approaching
Nature action	98	Nature-evolve
Nature category	98	3
Nature days	98	2
Nature location	98	Region09
Nature phase	98	approaching
Nature action	99	Nature-evolve
Nature category	99	3
Nature days	99	0
Nature location	99	Region09
Nature phase	99	active
Nature action	100	Nature-evolve
Nature category	100	3
Nature days	100	1
Nature location	100	Region05
Nature phase	100	active
Nature action	101	Nature-evolve
Nature category	101	3
Nature days	101	2
Nature location	101	Region06
Nature phase	101	active
Nature action	102	Nature-evolve
Nature category	102	3
Nature days	102	3
Nature location	102	Region06
Nature phase	102	active
Nature action	103	Nature-evolve
Nature category	103	3
Nature days	103	4
Nature location	103	Region07
Nature phase	103	active
Nature action	104	Nature-evolve
Nature category	104	3
Nature days	104	5
Nature location	104	Region03
Nature phase	104	active
Nature action	105	Nature-evolve
Nature category	105	3
Nature days	105	6
Nature location	105	Region04
Nature phase	105	active
Nature action	106	Nature-evolve
Nature category	106	3
Nature days	106	7
Nature location	106	none
Nature phase	106	active
Nature action	107	Nature-evolve
Nature category	107	0
Nature days	107	0
Nature location	107	none
Nature phase	107	none
Nature action	108	Nature-evolve
Nature category	108	0
Nature days	108	1
Nature location	108	none
Nature phase	108	none
Nature action	109	Nature-evolve
Nature category	109	0
Nature days	109	2
Nature location	109	none
Nature phase	109	none
Nature action	110	Nature-evolve
Nature category	110	2
Nature days	110	0
Nature location	110	Region01
Nature phase	110	approaching
Nature action	111	Nature-evolve
Nature category	111	1
Nature days	111	1
Nature location	111	Region01
Nature phase	111	approaching
Nature action	112	Nature-evolve
Nature category	112	2
Nature days	112	2
Nature location	112	Region01
Nature phase	112	approaching
Nature action	113	Nature-evolve
Nature category	113	2
Nature days	113	3
Nature location	113	Region01
Nature phase	113	approaching
Nature action	114	Nature-evolve
Nature category	114	1
Nature days	114	4
Nature location	114	Region01
Nature phase	114	approaching
Nature action	115	Nature-evolve
Nature category	115	1
Nature days	115	5
Nature location	115	Region01
Nature phase	115	approaching
Nature action	116	Nature-evolve
Nature category	116	1
Nature days	116	0
Nature location	116	Region01
Nature phase	116	active
Nature action	117	Nature-evolve
Nature category	117	1
Nature days	117	1
Nature location	117	Region02
Nature phase	117	active
Nature action	118	Nature-evolve
Nature category	118	1
Nature days	118	2
Nature location	118	Region03
Nature phase	118	active
Nature action	119	Nature-evolve
Nature category	119	1
Nature days	119	3
Nature location	119	Region03
Nature phase	119	active
Nature action	120	Nature-evolve
Nature category	120	1
Nature days	120	4
Nature location	120	none
Nature phase	120	active
Nature action	121	Nature-evolve
Nature category	121	0
Nature days	121	0
Nature location	121	none
Nature phase	121	none
Nature action	122	Nature-evolve
Nature category	122	0
Nature days	122	1
Nature location	122	none
Nature phase	122	none
Nature action	123	Nature-evolve
Nature category	123	0
Nature days	123	2
Nature location	123	none
Nature phase	123	none
Nature action	124	Nature-evolve
Nature category	124	3
Nature days	124	0
Nature location	124	Region09
Nature phase	124	approaching
Nature action	125	Nature-evolve
Nature category	125	3
Nature days	125	1
Nature location	125	Region09
Nature phase	125	approaching
Nature action	126	Nature-evolve
Nature category	126	3
Nature days	126	2
Nature location	126	Region09
Nature phase	126	approaching
Nature action	127	Nature-evolve
Nature category	127	2
Nature days	127	3
Nature location	127	Region09
Nature phase	127	approaching
Nature action	128	Nature-evolve
Nature category	128	2
Nature days	128	0
Nature location	128	Region09
Nature phase	128	active
Nature action	129	Nature-evolve
Nature category	129	2
Nature days	129	1
Nature location	129	Region10
Nature phase	129	active
Nature action	130	Nature-evolve
Nature category	130	2
Nature days	130	2
Nature location	130	Region11
Nature phase	130	active
Nature action	131	Nature-evolve
Nature category	131	2
Nature days	131	3
Nature location	131	Region07
Nature phase	131	active
Nature action	132	Nature-evolve
Nature category	132	2
Nature days	132	4
Nature location	132	Region08
Nature phase	132	active
Nature action	133	Nature-evolve
Nature category	133	2
Nature days	133	5
Nature location	133	none
Nature phase	133	active
Nature action	134	Nature-evolve
Nature category	134	0
Nature days	134	0
Nature location	134	none
Nature phase	134	none
Nature action	135	Nature-evolve
Nature category	135	0
Nature days	135	1
Nature location	135	none
Nature phase	135	none
Nature action	136	Nature-evolve
Nature category	136	0
Nature days	136	2
Nature location	136	none
Nature phase	136	none
Nature action	137	Nature-evolve
Nature category	137	3
Nature days	137	0
Nature location	137	Region01
Nature phase	137	approaching
Nature action	138	Nature-evolve
Nature category	138	3
Nature days	138	1
Nature location	138	Region01
Nature phase	138	approaching
Nature action	139	Nature-evolve
Nature category	139	3
Nature days	139	2
Nature location	139	Region01
Nature phase	139	approaching
Nature action	140	Nature-evolve
Nature category	140	3
Nature days	140	0
Nature location	140	Region01
Nature phase	140	active
Nature action	141	Nature-evolve
Nature category	141	3
Nature days	141	1
Nature location	141	none
Nature phase	141	active
Nature action	142	Nature-evolve
Nature category	142	0
Nature days	142	0
Nature location	142	none
Nature phase	142	none
Nature action	143	Nature-evolve
Nature category	143	0
Nature days	143	1
Nature location	143	none
Nature phase	143	none
Nature action	144	Nature-evolve
Nature category	144	0
Nature days	144	2
Nature location	144	none
Nature phase	144	none
Nature action	145	Nature-evolve
Nature category	145	1
Nature days	145	0
Nature location	145	Region01
Nature phase	145	approaching
Nature action	146	Nature-evolve
Nature category	146	1
Nature days	146	1
Nature location	146	Region01
Nature phase	146	approaching
Nature action	147	Nature-evolve
Nature category	147	2
Nature days	147	2
Nature location	147	Region01
Nature phase	147	approaching
Nature action	148	Nature-evolve
Nature category	148	2
Nature days	148	0
Nature location	148	Region01
Nature phase	148	active
Nature action	149	Nature-evolve
Nature category	149	2
Nature days	149	1
Nature location	149	none
Nature phase	149	active
Nature action	150	Nature-evolve
Nature category	150	0
Nature days	150	0
Nature location	150	none
Nature phase	150	none
Nature action	151	Nature-evolve
Nature category	151	0
Nature days	151	1
Nature location	151	none
Nature phase	151	none
Nature action	152	Nature-evolve
Nature category	152	0
Nature days	152	2
Nature location	152	none
Nature phase	152	none
Nature action	153	Nature-evolve
Nature category	153	4
Nature days	153	0
Nature location	153	Region09
Nature phase	153	approaching
Nature action	154	Nature-evolve
Nature category	154	4
Nature days	154	1
Nature location	154	Region09
Nature phase	154	approaching
Nature action	155	Nature-evolve
Nature category	155	4
Nature days	155	2
Nature location	155	Region09
Nature phase	155	approaching
Nature action	156	Nature-evolve
Nature category	156	4
Nature days	156	0
Nature location	156	Region09
Nature phase	156	active
Nature action	157	Nature-evolve
Nature category	157	4
Nature days	157	1
Nature location	157	Region10
Nature phase	157	active
Nature action	158	Nature-evolve
Nature category	158	4
Nature days	158	2
Nature location	158	Region10
Nature phase	158	active
Nature action	159	Nature-evolve
Nature category	159	4
Nature days	159	3
Nature location	159	Region06
Nature phase	159	active
Nature action	160	Nature-evolve
Nature category	160	4
Nature days	160	4
Nature location	160	Region06
Nature phase	160	active
Nature action	161	Nature-evolve
Nature category	161	4
Nature days	161	5
Nature location	161	Region07
Nature phase	161	active
Nature action	162	Nature-evolve
Nature category	162	4
Nature days	162	6
Nature location	162	Region03
Nature phase	162	active
Nature action	163	Nature-evolve
Nature category	163	4
Nature days	163	7
Nature location	163	none
Nature phase	163	active
Nature action	164	Nature-evolve
Nature category	164	0
Nature days	164	0
Nature location	164	none
Nature phase	164	none
Nature action	165	Nature-evolve
Nature category	165	0
Nature days	165	1
Nature location	165	none
Nature phase	165	none
Nature action	166	Nature-evolve
Nature category	166	0
Nature days	166	2
Nature location	166	none
Nature phase	166	none
Nature action	167	Nature-evolve
Nature category	167	0
Nature days	167	3
Nature location	167	none
Nature phase	167	none
Nature action	168	Nature-evolve
Nature category	168	5
Nature days	168	0
Nature location	168	Region09
Nature phase	168	approaching
Nature action	169	Nature-evolve
Nature category	169	4
Nature days	169	1
Nature location	169	Region09
Nature phase	169	approaching
Nature action	170	Nature-evolve
Nature category	170	4
Nature days	170	2
Nature location	170	Region09
Nature phase	170	approaching
Nature action	171	Nature-evolve
Nature category	171	4
Nature days	171	0
Nature location	171	Region09
Nature phase	171	active
Nature action	172	Nature-evolve
Nature category	172	4
Nature days	172	1
Nature location	172	Region10
Nature phase	172	active
Nature action	173	Nature-evolve
Nature category	173	4
Nature days	173	2
Nature location	173	Region11
Nature phase	173	active
Nature action	174	Nature-evolve
Nature category	174	4
Nature days	174	3
Nature location	174	Region07
Nature phase	174	active
Nature action	175	Nature-evolve
Nature category	175	4
Nature days	175	4
Nature location	175	Region03
Nature phase	175	active
Nature action	176	Nature-evolve
Nature category	176	4
Nature days	176	5
Nature location	176	Region03
Nature phase	176	active
Nature action	177	Nature-evolve
Nature category	177	4
Nature days	177	6
Nature location	177	Region04
Nature phase	177	active
Nature action	178	Nature-evolve
Nature category	178	4
Nature days	178	7
Nature location	178	none
Nature phase	178	active
Nature action	179	Nature-evolve
Nature category	179	0
Nature days	179	0
Nature location	179	none
Nature phase	179	none
Nature action	180	Nature-evolve
Nature category	180	0
Nature days	180	1
Nature location	180	none
Nature phase	180	none
Nature action	181	Nature-evolve
Nature category	181	0
Nature days	181	2
Nature location	181	none
Nature phase	181	none
Nature action	365	Nature-evolve
Nature category	365	0
Nature days	365	0
Nature location	365	none
Nature phase	365	none
Nature action	366	Nature-evolve
Nature category	366	0
Nature days	366	1
Nature location	366	none
Nature phase	366	none
Nature action	367	Nature-evolve
Nature category	367	0
Nature days	367	2
Nature location	367	none
Nature phase	367	none
Nature action	368	Nature-evolve
Nature category	368	0
Nature days	368	3
Nature location	368	none
Nature phase	368	none
Nature action	369	Nature-evolve
Nature category	369	3
Nature days	369	0
Nature location	369	Region05
Nature phase	369	approaching
Nature action	370	Nature-evolve
Nature category	370	3
Nature days	370	1
Nature location	370	Region05
Nature phase	370	approaching
Nature action	371	Nature-evolve
Nature category	371	2
Nature days	371	2
Nature location	371	Region05
Nature phase	371	approaching
Nature action	372	Nature-evolve
Nature category	372	2
Nature days	372	0
Nature location	372	Region05
Nature phase	372	active
Nature action	373	Nature-evolve
Nature category	373	2
Nature days	373	1
Nature location	373	Region01
Nature phase	373	active
Nature action	374	Nature-evolve
Nature category	374	2
Nature days	374	2
Nature location	374	none
Nature phase	374	active
Nature action	375	Nature-evolve
Nature category	375	0
Nature days	375	0
Nature location	375	none
Nature phase	375	none
Nature action	376	Nature-evolve
Nature category	376	0
Nature days	376	1
Nature location	376	none
Nature phase	376	none
Nature action	377	Nature-evolve
Nature category	377	0
Nature days	377	2
Nature location	377	none
Nature phase	377	none
Nature action	378	Nature-evolve
Nature category	378	2
Nature days	378	0
Nature location	378	Region13
Nature phase	378	approaching
Nature action	379	Nature-evolve
Nature category	379	2
Nature days	379	1
Nature location	379	Region13
Nature phase	379	approaching
Nature action	380	Nature-evolve
Nature category	380	2
Nature days	380	2
Nature location	380	Region13
Nature phase	380	approaching
Nature action	381	Nature-evolve
Nature category	381	2
Nature days	381	0
Nature location	381	Region13
Nature phase	381	active
Nature action	382	Nature-evolve
Nature category	382	2
Nature days	382	1
Nature location	382	Region14
Nature phase	382	active
Nature action	383	Nature-evolve
Nature category	383	2
Nature days	383	2
Nature location	383	Region14
Nature phase	383	active
Nature action	384	Nature-evolve
Nature category	384	2
Nature days	384	3
Nature location	384	Region15
Nature phase	384	active
Nature action	385	Nature-evolve
Nature category	385	2
Nature days	385	4
Nature location	385	Region15
Nature phase	385	active
Nature action	386	Nature-evolve
Nature category	386	2
Nature days	386	5
Nature location	386	Region15
Nature phase	386	active
Nature action	387	Nature-evolve
Nature category	387	2
Nature days	387	6
Nature location	387	Region16
Nature phase	387	active
Nature action	388	Nature-evolve
Nature category	388	2
Nature days	388	7
Nature location	388	Region12
Nature phase	388	active
Nature action	389	Nature-evolve
Nature category	389	2
Nature days	389	8
Nature location	389	none
Nature phase	389	active
Nature action	390	Nature-evolve
Nature category	390	0
Nature days	390	0
Nature location	390	none
Nature phase	390	none
Nature action	391	Nature-evolve
Nature category	391	0
Nature days	391	1
Nature location	391	none
Nature phase	391	none
Nature action	392	Nature-evolve
Nature category	392	0
Nature days	392	2
Nature location	392	none
Nature phase	392	none
Nature action	393	Nature-evolve
Nature category	393	3
Nature days	393	0
Nature location	393	Region13
Nature phase	393	approaching
Nature action	394	Nature-evolve
Nature category	394	4
Nature days	394	1
Nature location	394	Region13
Nature phase	394	approaching
Nature action	395	Nature-evolve
Nature category	395	4
Nature days	395	2
Nature location	395	Region13
Nature phase	395	approaching
Nature action	396	Nature-evolve
Nature category	396	4
Nature days	396	0
Nature location	396	Region13
Nature phase	396	active
Nature action	397	Nature-evolve
Nature category	397	4
Nature days	397	1
Nature location	397	Region09
Nature phase	397	active
Nature action	398	Nature-evolve
Nature category	398	4
Nature days	398	2
Nature location	398	Region05
Nature phase	398	active
Nature action	399	Nature-evolve
Nature category	399	4
Nature days	399	3
Nature location	399	Region06
Nature phase	399	active
Nature action	400	Nature-evolve
Nature category	400	4
Nature days	400	4
Nature location	400	Region02
Nature phase	400	active
Nature action	401	Nature-evolve
Nature category	401	4
Nature days	401	5
Nature location	401	none
Nature phase	401	active
Nature action	402	Nature-evolve
Nature category	402	0
Nature days	402	0
Nature location	402	none
Nature phase	402	none
Nature action	403	Nature-evolve
Nature category	403	0
Nature days	403	1
Nature location	403	none
Nature phase	403	none
Nature action	404	Nature-evolve
Nature category	404	0
Nature days	404	2
Nature location	404	none
Nature phase	404	none
Nature action	405	Nature-evolve
Nature category	405	5
Nature days	405	0
Nature location	405	Region09
Nature phase	405	approaching
Nature action	406	Nature-evolve
Nature category	406	4
Nature days	406	1
Nature location	406	Region09
Nature phase	406	approaching
Nature action	407	Nature-evolve
Nature category	407	5
Nature days	407	2
Nature location	407	Region09
Nature phase	407	approaching
Nature action	408	Nature-evolve
Nature category	408	5
Nature days	408	0
Nature location	408	Region09
Nature phase	408	active
Nature action	409	Nature-evolve
Nature category	409	5
Nature days	409	1
Nature location	409	Region10
Nature phase	409	active
Nature action	410	Nature-evolve
Nature category	410	5
Nature days	410	2
Nature location	410	Region11
Nature phase	410	active
Nature action	411	Nature-evolve
Nature category	411	5
Nature days	411	3
Nature location	411	Region12
Nature phase	411	active
Nature action	412	Nature-evolve
Nature category	412	5
Nature days	412	4
Nature location	412	none
Nature phase	412	active
Nature action	413	Nature-evolve
Nature category	413	0
Nature days	413	0
Nature location	413	none
Nature phase	413	none
Nature action	414	Nature-evolve
Nature category	414	0
Nature days	414	1
Nature location	414	none
Nature phase	414	none
Nature action	415	Nature-evolve
Nature category	415	0
Nature days	415	2
Nature location	415	none
Nature phase	415	none
Nature action	416	Nature-evolve
Nature category	416	0
Nature days	416	3
Nature location	416	none
Nature phase	416	none
Nature action	417	Nature-evolve
Nature category	417	1
Nature days	417	0
Nature location	417	Region05
Nature phase	417	approaching
Nature action	418	Nature-evolve
Nature category	418	2
Nature days	418	1
Nature location	418	Region05
Nature phase	418	approaching
Nature action	419	Nature-evolve
Nature category	419	2
Nature days	419	2
Nature location	419	Region05
Nature phase	419	approaching
Nature action	420	Nature-evolve
Nature category	420	2
Nature days	420	3
Nature location	420	Region05
Nature phase	420	approaching
Nature action	421	Nature-evolve
Nature category	421	2
Nature days	421	4
Nature location	421	Region05
Nature phase	421	approaching
Nature action	422	Nature-evolve
Nature category	422	2
Nature days	422	0
Nature location	422	Region05
Nature phase	422	active
Nature action	423	Nature-evolve
Nature category	423	2
Nature days	423	1
Nature location	423	Region01
Nature phase	423	active
Nature action	424	Nature-evolve
Nature category	424	2
Nature days	424	2
Nature location	424	Region01
Nature phase	424	active
Nature action	425	Nature-evolve
Nature category	425	2
Nature days	425	3
Nature location	425	none
Nature phase	425	active
Nature action	426	Nature-evolve
Nature category	426	0
Nature days	426	0
Nature location	426	none
Nature phase	426	none
Nature action	427	Nature-evolve
Nature category	427	0
Nature days	427	1
Nature location	427	none
Nature phase	427	none
Nature action	428	Nature-evolve
Nature category	428	0
Nature days	428	2
Nature location	428	none
Nature phase	428	none
Nature action	429	Nature-evolve
Nature category	429	2
Nature days	429	0
Nature location	429	Region09
Nature phase	429	approaching
Nature action	430	Nature-evolve
Nature category	430	2
Nature days	430	1
Nature location	430	Region09
Nature phase	430	approaching
Nature action	431	Nature-evolve
Nature category	431	2
Nature days	431	2
Nature location	431	Region09
Nature phase	431	approaching
Nature action	432	Nature-evolve
Nature category	432	2
Nature days	432	0
Nature location	432	Region09
Nature phase	432	active
Nature action	433	Nature-evolve
Nature category	433	2
Nature days	433	1
Nature location	433	Region10
Nature phase	433	active
Nature action	434	Nature-evolve
Nature category	434	2
Nature days	434	2
Nature location	434	Region11
Nature phase	434	active
Nature action	435	Nature-evolve
Nature category	435	2
Nature days	435	3
Nature location	435	Region11
Nature phase	435	active
Nature action	436	Nature-evolve
Nature category	436	2
Nature days	436	4
Nature location	436	Region11
Nature phase	436	active
Nature action	437	Nature-evolve
Nature category	437	2
Nature days	437	5
Nature location	437	Region11
Nature phase	437	active
Nature action	438	Nature-evolve
Nature category	438	2
Nature days	438	6
Nature location	438	Region07
Nature phase	438	active
Nature action	439	Nature-evolve
Nature category	439	2
Nature days	439	7
Nature location	439	Region08
Nature phase	439	active
Nature action	440	Nature-evolve
Nature category	440	2
Nature days	440	8
Nature location	440	none
Nature phase	440	active
Nature action	441	Nature-evolve
Nature category	441	0
Nature days	441	0
Nature location	441	none
Nature phase	441	none
Nature action	442	Nature-evolve
Nature category	442	0
Nature days	442	1
Nature location	442	none
Nature phase	442	none
Nature action	443	Nature-evolve
Nature category	443	0
Nature days	443	2
Nature location	443	none
Nature phase	443	none
Nature action	444	Nature-evolve
Nature category	444	0
Nature days	444	3
Nature location	444	none
Nature phase	444	none
Nature action	445	Nature-evolve
Nature category	445	5
Nature days	445	0
Nature location	445	Region13
Nature phase	445	approaching
Nature action	446	Nature-evolve
Nature category	446	4
Nature days	446	1
Nature location	446	Region13
Nature phase	446	approaching
Nature action	447	Nature-evolve
Nature category	447	4
Nature days	447	2
Nature location	447	Region13
Nature phase	447	approaching
Nature action	448	Nature-evolve
Nature category	448	4
Nature days	448	0
Nature location	448	Region13
Nature phase	448	active
Nature action	449	Nature-evolve
Nature category	449	4
Nature days	449	1
Nature location	449	Region14
Nature phase	449	active
Nature action	450	Nature-evolve
Nature category	450	4
Nature days	450	2
Nature location	450	Region14
Nature phase	450	active
Nature action	451	Nature-evolve
Nature category	451	4
Nature days	451	3
Nature location	451	Region15
Nature phase	451	active
Nature action	452	Nature-evolve
Nature category	452	4
Nature days	452	4
Nature location	452	Region11
Nature phase	452	active
Nature action	453	Nature-evolve
Nature category	453	4
Nature days	453	5
Nature location	453	Region12
Nature phase	453	active
Nature action	454	Nature-evolve
Nature category	454	4
Nature days	454	6
Nature location	454	none
Nature phase	454	active
Nature action	455	Nature-evolve
Nature category	455	0
Nature days	455	0
Nature location	455	none
Nature phase	455	none
Nature action	456	Nature-evolve
Nature category	456	0
Nature days	456	1
Nature location	456	none
Nature phase	456	none
Nature action	457	Nature-evolve
Nature category	457	0
Nature days	457	2
Nature location	457	none
Nature phase	457	none
Nature action	458	Nature-evolve
Nature category	458	0
Nature days	458	3
Nature location	458	none
Nature phase	458	none
Nature action	459	Nature-evolve
Nature category	459	5
Nature days	459	0
Nature location	459	Region09
Nature phase	459	approaching
Nature action	460	Nature-evolve
Nature category	460	5
Nature days	460	1
Nature location	460	Region09
Nature phase	460	approaching
Nature action	461	Nature-evolve
Nature category	461	5
Nature days	461	2
Nature location	461	Region09
Nature phase	461	approaching
Nature action	462	Nature-evolve
Nature category	462	5
Nature days	462	0
Nature location	462	Region09
Nature phase	462	active
Nature action	463	Nature-evolve
Nature category	463	5
Nature days	463	1
Nature location	463	Region05
Nature phase	463	active
Nature action	464	Nature-evolve
Nature category	464	5
Nature days	464	2
Nature location	464	Region06
Nature phase	464	active
Nature action	465	Nature-evolve
Nature category	465	5
Nature days	465	3
Nature location	465	Region02
Nature phase	465	active
Nature action	466	Nature-evolve
Nature category	466	5
Nature days	466	4
Nature location	466	Region03
Nature phase	466	active
Nature action	467	Nature-evolve
Nature category	467	5
Nature days	467	5
Nature location	467	Region03
Nature phase	467	active
Nature action	468	Nature-evolve
Nature category	468	5
Nature days	468	6
Nature location	468	none
Nature phase	468	active
Nature action	469	Nature-evolve
Nature category	469	0
Nature days	469	0
Nature location	469	none
Nature phase	469	none
Nature action	470	Nature-evolve
Nature category	470	0
Nature days	470	1
Nature location	470	none
Nature phase	470	none
Nature action	471	Nature-evolve
Nature category	471	0
Nature days	471	2
Nature location	471	none
Nature phase	471	none
Nature action	472	Nature-evolve
Nature category	472	0
Nature days	472	3
Nature location	472	none
Nature phase	472	none
Nature action	473	Nature-evolve
Nature category	473	4
Nature days	473	0
Nature location	473	Region13
Nature phase	473	approaching
Nature action	474	Nature-evolve
Nature category	474	4
Nature days	474	1
Nature location	474	Region13
Nature phase	474	approaching
Nature action	475	Nature-evolve
Nature category	475	5
Nature days	475	2
Nature location	475	Region13
Nature phase	475	approaching
Nature action	476	Nature-evolve
Nature category	476	5
Nature days	476	0
Nature location	476	Region13
Nature phase	476	active
Nature action	477	Nature-evolve
Nature category	477	5
Nature days	477	1
Nature location	477	Region09
Nature phase	477	active
Nature action	478	Nature-evolve
Nature category	478	5
Nature days	478	2
Nature location	478	Region10
Nature phase	478	active
Nature action	479	Nature-evolve
Nature category	479	5
Nature days	479	3
Nature location	479	Region06
Nature phase	479	active
Nature action	480	Nature-evolve
Nature category	480	5
Nature days	480	4
Nature location	480	Region02
Nature phase	480	active
Nature action	481	Nature-evolve
Nature category	481	5
Nature days	481	5
Nature location	481	none
Nature phase	481	active
Nature action	482	Nature-evolve
Nature category	482	0
Nature days	482	0
Nature location	482	none
Nature phase	482	none
Nature action	483	Nature-evolve
Nature category	483	0
Nature days	483	1
Nature location	483	none
Nature phase	483	none
Nature action	484	Nature-evolve
Nature category	484	0
Nature days	484	2
Nature location	484	none
Nature phase	484	none
Nature action	485	Nature-evolve
Nature category	485	5
Nature days	485	0
Nature location	485	Region13
Nature phase	485	approaching
Nature action	486	Nature-evolve
Nature category	486	4
Nature days	486	1
Nature location	486	Region13
Nature phase	486	approaching
Nature action	487	Nature-evolve
Nature category	487	4
Nature days	487	2
Nature location	487	Region13
Nature phase	487	approaching
Nature action	488	Nature-evolve
Nature category	488	5
Nature days	488	3
Nature location	488	Region13
Nature phase	488	approaching
Nature action	489	Nature-evolve
Nature category	489	5
Nature days	489	0
Nature location	489	Region13
Nature phase	489	active
Nature action	490	Nature-evolve
Nature category	490	5
Nature days	490	1
Nature location	490	Region09
Nature phase	490	active
Nature action	491	Nature-evolve
Nature category	491	5
Nature days	491	2
Nature location	491	Region05
Nature phase	491	active
Nature action	492	Nature-evolve
Nature category	492	5
Nature days	492	3
Nature location	492	Region06
Nature phase	492	active
Nature action	493	Nature-evolve
Nature category	493	5
Nature days	493	4
Nature location	493	Region07
Nature phase	493	active
Nature action	494	Nature-evolve
Nature category	494	5
Nature days	494	5
Nature location	494	Region08
Nature phase	494	active
Nature action	495	Nature-evolve
Nature category	495	5
Nature days	495	6
Nature location	495	none
Nature phase	495	active
Nature action	496	Nature-evolve
Nature category	496	0
Nature days	496	0
Nature location	496	none
Nature phase	496	none
Nature action	497	Nature-evolve
Nature category	497	0
Nature days	497	1
Nature location	497	none
Nature phase	497	none
Nature action	498	Nature-evolve
Nature category	498	0
Nature days	498	2
Nature location	498	none
Nature phase	498	none
Nature action	499	Nature-evolve
Nature category	499	0
Nature days	499	3
Nature location	499	none
Nature phase	499	none
Nature action	500	Nature-evolve
Nature category	500	4
Nature days	500	0
Nature location	500	Region01
Nature phase	500	approaching
Nature action	501	Nature-evolve
Nature category	501	3
Nature days	501	1
Nature location	501	Region01
Nature phase	501	approaching
Nature action	502	Nature-evolve
Nature category	502	3
Nature days	502	2
Nature location	502	Region01
Nature phase	502	approaching
Nature action	503	Nature-evolve
Nature category	503	2
Nature days	503	3
Nature location	503	Region01
Nature phase	503	approaching
Nature action	504	Nature-evolve
Nature category	504	3
Nature days	504	4
Nature location	504	Region01
Nature phase	504	approaching
Nature action	505	Nature-evolve
Nature category	505	3
Nature days	505	5
Nature location	505	Region01
Nature phase	505	approaching
Nature action	506	Nature-evolve
Nature category	506	3
Nature days	506	0
Nature location	506	Region01
Nature phase	506	active
Nature action	507	Nature-evolve
Nature category	507	3
Nature days	507	1
Nature location	507	Region02
Nature phase	507	active
Nature action	508	Nature-evolve
Nature category	508	3
Nature days	508	2
Nature location	508	none
Nature phase	508	active
Nature action	509	Nature-evolve
Nature category	509	0
Nature days	509	0
Nature location	509	none
Nature phase	509	none
Nature action	510	Nature-evolve
Nature category	510	0
Nature days	510	1
Nature location	510	none
Nature phase	510	none
Nature action	511	Nature-evolve
Nature category	511	0
Nature days	511	2
Nature location	511	none
Nature phase	511	none
Nature action	512	Nature-evolve
Nature category	512	1
Nature days	512	0
Nature location	512	Region13
Nature phase	512	approaching
Nature action	513	Nature-evolve
Nature category	513	2
Nature days	513	1
Nature location	513	Region13
Nature phase	513	approaching
Nature action	514	Nature-evolve
Nature category	514	2
Nature days	514	2
Nature location	514	Region13
Nature phase	514	approaching
Nature action	515	Nature-evolve
Nature category	515	2
Nature days	515	0
Nature location	515	Region13
Nature phase	515	active
Nature action	516	Nature-evolve
Nature category	516	2
Nature days	516	1
Nature location	516	Region14
Nature phase	516	active
Nature action	517	Nature-evolve
Nature category	517	2
Nature days	517	2
Nature location	517	Region14
Nature phase	517	active
Nature action	518	Nature-evolve
Nature category	518	2
Nature days	518	3
Nature location	518	Region15
Nature phase	518	active
Nature action	519	Nature-evolve
Nature category	519	2
Nature days	519	4
Nature location	519	Region11
Nature phase	519	active
Nature action	520	Nature-evolve
Nature category	520	2
Nature days	520	5
Nature location	520	Region12
Nature phase	520	active
Nature action	521	Nature-evolve
Nature category	521	2
Nature days	521	6
Nature location	521	Region08
Nature phase	521	active
Nature action	522	Nature-evolve
Nature category	522	2
Nature days	522	7
Nature location	522	none
Nature phase	522	active
Nature action	523	Nature-evolve
Nature category	523	0
Nature days	523	0
Nature location	523	none
Nature phase	523	none
Nature action	524	Nature-evolve
Nature category	524	0
Nature days	524	1
Nature location	524	none
Nature phase	524	none
Nature action	525	Nature-evolve
Nature category	525	0
Nature days	525	2
Nature location	525	none
Nature phase	525	none
Nature action	526	Nature-evolve
Nature category	526	4
Nature days	526	0
Nature location	526	Region13
Nature phase	526	approaching
Nature action	527	Nature-evolve
Nature category	527	4
Nature days	527	1
Nature location	527	Region13
Nature phase	527	approaching
Nature action	528	Nature-evolve
Nature category	528	4
Nature days	528	2
Nature location	528	Region13
Nature phase	528	approaching
Nature action	529	Nature-evolve
Nature category	529	4
Nature days	529	3
Nature location	529	Region13
Nature phase	529	approaching
Nature action	530	Nature-evolve
Nature category	530	4
Nature days	530	4
Nature location	530	Region13
Nature phase	530	approaching
Nature action	531	Nature-evolve
Nature category	531	4
Nature days	531	0
Nature location	531	Region13
Nature phase	531	active
Nature action	532	Nature-evolve
Nature category	532	4
Nature days	532	1
Nature location	532	Region14
Nature phase	532	active
Nature action	533	Nature-evolve
Nature category	533	4
Nature days	533	2
Nature location	533	Region15
Nature phase	533	active
Nature action	534	Nature-evolve
Nature category	534	4
Nature days	534	3
Nature location	534	Region15
Nature phase	534	active
Nature action	535	Nature-evolve
Nature category	535	4
Nature days	535	4
Nature location	535	Region11
Nature phase	535	active
Nature action	536	Nature-evolve
Nature category	536	4
Nature days	536	5
Nature location	536	Region12
Nature phase	536	active
Nature action	537	Nature-evolve
Nature category	537	4
Nature days	537	6
Nature location	537	none
Nature phase	537	active
Nature action	538	Nature-evolve
Nature category	538	0
Nature days	538	0
Nature location	538	none
Nature phase	538	none
Nature action	539	Nature-evolve
Nature category	539	0
Nature days	539	1
Nature location	539	none
Nature phase	539	none
Nature action	540	Nature-evolve
Nature category	540	0
Nature days	540	2
Nature location	540	none
Nature phase	540	none
Nature action	541	Nature-evolve
Nature category	541	0
Nature days	541	3
Nature location	541	none
Nature phase	541	none
Nature action	542	Nature-evolve
Nature category	542	1
Nature days	542	0
Nature location	542	Region05
Nature phase	542	approaching
Nature action	543	Nature-evolve
Nature category	543	2
Nature days	543	1
Nature location	543	Region05
Nature phase	543	approaching
Nature action	544	Nature-evolve
Nature category	544	1
Nature days	544	2
Nature location	544	Region05
Nature phase	544	approaching
Nature action	545	Nature-evolve
Nature category	545	1
Nature days	545	0
Nature location	545	Region05
Nature phase	545	active
Nature action	546	Nature-evolve
Nature category	546	1
Nature days	546	1
Nature location	546	Region06
Nature phase	546	active
Nature action	547	Nature-evolve
Nature category	547	1
Nature days	547	2
Nature location	547	Region02
Nature phase	547	active
Nature action	548	Nature-evolve
Nature category	548	1
Nature days	548	3
Nature location	548	none
Nature phase	548	active
Nature action	549	Nature-evolve
Nature category	549	0
Nature days	549	0
Nature location	549	none
Nature phase	549	none
Nature action	550	Nature-evolve
Nature category	550	0
Nature days	550	1
Nature location	550	none
Nature phase	550	none
Nature action	551	Nature-evolve
Nature category	551	0
Nature days	551	2
Nature location	551	none
Nature phase	551	none
