Timestep	RelationshipType	Directed	FromEntityId	ToEntityId	Data	Notes
	friendOf	yes	Actor0045	Actor0086	True	
	friendOf	yes	Actor0086	Actor0045	True	
	friendOf	yes	Actor0140	Actor0024	True	
	friendOf	yes	Actor0024	Actor0140	True	
	friendOf	yes	Actor0140	Actor0160	True	
	friendOf	yes	Actor0160	Actor0140	True	
	friendOf	yes	Actor0048	Actor0011	True	
	friendOf	yes	Actor0011	Actor0048	True	
	friendOf	yes	Actor0048	Actor0041	True	
	friendOf	yes	Actor0041	Actor0048	True	
	friendOf	yes	Actor0044	Actor0152	True	
	friendOf	yes	Actor0152	Actor0044	True	
	friendOf	yes	Actor0124	Actor0024	True	
	friendOf	yes	Actor0024	Actor0124	True	
	friendOf	yes	Actor0124	Actor0099	True	
	friendOf	yes	Actor0099	Actor0124	True	
	friendOf	yes	Actor0101	Actor0015	True	
	friendOf	yes	Actor0015	Actor0101	True	
	friendOf	yes	Actor0101	Actor0146	True	
	friendOf	yes	Actor0146	Actor0101	True	
	friendOf	yes	Actor0158	Actor0128	True	
	friendOf	yes	Actor0128	Actor0158	True	
	friendOf	yes	Actor0158	Actor0160	True	
	friendOf	yes	Actor0160	Actor0158	True	
	friendOf	yes	Actor0061	Actor0112	True	
	friendOf	yes	Actor0112	Actor0061	True	
	friendOf	yes	Actor0068	Actor0043	True	
	friendOf	yes	Actor0043	Actor0068	True	
	friendOf	yes	Actor0114	Actor0136	True	
	friendOf	yes	Actor0136	Actor0114	True	
	friendOf	yes	Actor0114	Actor0134	True	
	friendOf	yes	Actor0134	Actor0114	True	
	friendOf	yes	Actor0040	Actor0057	True	
	friendOf	yes	Actor0057	Actor0040	True	
	friendOf	yes	Actor0151	Actor0143	True	
	friendOf	yes	Actor0143	Actor0151	True	
	friendOf	yes	Actor0143	Actor0040	True	
	friendOf	yes	Actor0040	Actor0143	True	
	friendOf	yes	Actor0094	Actor0054	True	
	friendOf	yes	Actor0054	Actor0094	True	
	friendOf	yes	Actor0094	Actor0098	True	
	friendOf	yes	Actor0098	Actor0094	True	
	friendOf	yes	Actor0030	Actor0084	True	
	friendOf	yes	Actor0084	Actor0030	True	
	friendOf	yes	Actor0118	Actor0135	True	
	friendOf	yes	Actor0135	Actor0118	True	
	friendOf	yes	Actor0018	Actor0111	True	
	friendOf	yes	Actor0111	Actor0018	True	
	friendOf	yes	Actor0018	Actor0097	True	
	friendOf	yes	Actor0097	Actor0018	True	
	friendOf	yes	Actor0060	Actor0056	True	
	friendOf	yes	Actor0056	Actor0060	True	
	friendOf	yes	Actor0060	Actor0078	True	
	friendOf	yes	Actor0078	Actor0060	True	
	friendOf	yes	Actor0072	Actor0081	True	
	friendOf	yes	Actor0081	Actor0072	True	
	friendOf	yes	Actor0086	Actor0025	True	
	friendOf	yes	Actor0025	Actor0086	True	
	friendOf	yes	Actor0022	Actor0064	True	
	friendOf	yes	Actor0064	Actor0022	True	
	friendOf	yes	Actor0057	Actor0121	True	
	friendOf	yes	Actor0121	Actor0057	True	
	friendOf	yes	Actor0134	Actor0020	True	
	friendOf	yes	Actor0020	Actor0134	True	
	friendOf	yes	Actor0074	Actor0042	True	
	friendOf	yes	Actor0042	Actor0074	True	
	friendOf	yes	Actor0132	Actor0032	True	
	friendOf	yes	Actor0032	Actor0132	True	
	friendOf	yes	Actor0132	Actor0085	True	
	friendOf	yes	Actor0085	Actor0132	True	
	friendOf	yes	Actor0116	Actor0130	True	
	friendOf	yes	Actor0130	Actor0116	True	
	friendOf	yes	Actor0116	Actor0110	True	
	friendOf	yes	Actor0110	Actor0116	True	
	friendOf	yes	Actor0159	Actor0092	True	
	friendOf	yes	Actor0092	Actor0159	True	
	friendOf	yes	Actor0159	Actor0150	True	
	friendOf	yes	Actor0150	Actor0159	True	
	friendOf	yes	Actor0144	Actor0076	True	
	friendOf	yes	Actor0076	Actor0144	True	
	friendOf	yes	Actor0096	Actor0153	True	
	friendOf	yes	Actor0153	Actor0096	True	
	friendOf	yes	Actor0078	Actor0028	True	
	friendOf	yes	Actor0028	Actor0078	True	
	friendOf	yes	Actor0115	Actor0059	True	
	friendOf	yes	Actor0059	Actor0115	True	
	friendOf	yes	Actor0043	Actor0141	True	
	friendOf	yes	Actor0141	Actor0043	True	
	friendOf	yes	Actor0014	Actor0113	True	
	friendOf	yes	Actor0113	Actor0014	True	
	friendOf	yes	Actor0149	Actor0016	True	
	friendOf	yes	Actor0016	Actor0149	True	
	friendOf	yes	Actor0149	Actor0015	True	
	friendOf	yes	Actor0015	Actor0149	True	
	friendOf	yes	Actor0145	Actor0089	True	
	friendOf	yes	Actor0089	Actor0145	True	
	friendOf	yes	Actor0067	Actor0062	True	
	friendOf	yes	Actor0062	Actor0067	True	
	friendOf	yes	Actor0067	Actor0055	True	
	friendOf	yes	Actor0055	Actor0067	True	
	friendOf	yes	Actor0127	Actor0121	True	
	friendOf	yes	Actor0121	Actor0127	True	
	friendOf	yes	Actor0127	Actor0065	True	
	friendOf	yes	Actor0065	Actor0127	True	
	friendOf	yes	Actor0079	Actor0073	True	
	friendOf	yes	Actor0073	Actor0079	True	
	friendOf	yes	Actor0152	Actor0083	True	
	friendOf	yes	Actor0083	Actor0152	True	
	friendOf	yes	Actor0131	Actor0136	True	
	friendOf	yes	Actor0136	Actor0131	True	
	friendOf	yes	Actor0107	Actor0117	True	
	friendOf	yes	Actor0117	Actor0107	True	
	friendOf	yes	Actor0046	Actor0027	True	
	friendOf	yes	Actor0027	Actor0046	True	
	friendOf	yes	Actor0147	Actor0026	True	
	friendOf	yes	Actor0026	Actor0147	True	
	friendOf	yes	Actor0058	Actor0062	True	
	friendOf	yes	Actor0062	Actor0058	True	
	friendOf	yes	Actor0109	Actor0144	True	
	friendOf	yes	Actor0144	Actor0109	True	
	friendOf	yes	Actor0109	Actor0073	True	
	friendOf	yes	Actor0073	Actor0109	True	
	friendOf	yes	Actor0051	Actor0037	True	
	friendOf	yes	Actor0037	Actor0051	True	
	friendOf	yes	Actor0051	Actor0056	True	
	friendOf	yes	Actor0056	Actor0051	True	
	friendOf	yes	Actor0090	Actor0011	True	
	friendOf	yes	Actor0011	Actor0090	True	
	friendOf	yes	Actor0090	Actor0029	True	
	friendOf	yes	Actor0029	Actor0090	True	
	friendOf	yes	Actor0085	Actor0138	True	
	friendOf	yes	Actor0138	Actor0085	True	
	friendOf	yes	Actor0108	Actor0096	True	
	friendOf	yes	Actor0096	Actor0108	True	
	friendOf	yes	Actor0108	Actor0097	True	
	friendOf	yes	Actor0097	Actor0108	True	
	friendOf	yes	Actor0013	Actor0142	True	
	friendOf	yes	Actor0142	Actor0013	True	
	friendOf	yes	Actor0013	Actor0029	True	
	friendOf	yes	Actor0029	Actor0013	True	
	friendOf	yes	Actor0049	Actor0110	True	
	friendOf	yes	Actor0110	Actor0049	True	
	friendOf	yes	Actor0039	Actor0119	True	
	friendOf	yes	Actor0119	Actor0039	True	
	friendOf	yes	Actor0039	Actor0065	True	
	friendOf	yes	Actor0065	Actor0039	True	
	friendOf	yes	Actor0098	Actor0004	True	
	friendOf	yes	Actor0004	Actor0098	True	
	friendOf	yes	Actor0150	Actor0105	True	
	friendOf	yes	Actor0105	Actor0150	True	
	friendOf	yes	Actor0142	Actor0092	True	
	friendOf	yes	Actor0092	Actor0142	True	
	friendOf	yes	Actor0054	Actor0135	True	
	friendOf	yes	Actor0135	Actor0054	True	
	friendOf	yes	Actor0120	Actor0074	True	
	friendOf	yes	Actor0074	Actor0120	True	
	friendOf	yes	Actor0120	Actor0077	True	
	friendOf	yes	Actor0077	Actor0120	True	
	friendOf	yes	Actor0102	Actor0119	True	
	friendOf	yes	Actor0119	Actor0102	True	
	friendOf	yes	Actor0076	Actor0058	True	
	friendOf	yes	Actor0058	Actor0076	True	
	friendOf	yes	Actor0154	Actor0026	True	
	friendOf	yes	Actor0026	Actor0154	True	
	friendOf	yes	Actor0154	Actor0061	True	
	friendOf	yes	Actor0061	Actor0154	True	
	friendOf	yes	Actor0093	Actor0063	True	
	friendOf	yes	Actor0063	Actor0093	True	
	friendOf	yes	Actor0093	Actor0071	True	
	friendOf	yes	Actor0071	Actor0093	True	
	friendOf	yes	Actor0075	Actor0138	True	
	friendOf	yes	Actor0138	Actor0075	True	
	friendOf	yes	Actor0148	Actor0045	True	
	friendOf	yes	Actor0045	Actor0148	True	
	friendOf	yes	Actor0077	Actor0157	True	
	friendOf	yes	Actor0157	Actor0077	True	
	friendOf	yes	Actor0146	Actor0031	True	
	friendOf	yes	Actor0031	Actor0146	True	
	friendOf	yes	Actor0020	Actor0047	True	
	friendOf	yes	Actor0047	Actor0020	True	
	friendOf	yes	Actor0122	Actor0131	True	
	friendOf	yes	Actor0131	Actor0122	True	
	friendOf	yes	Actor0122	Actor0034	True	
	friendOf	yes	Actor0034	Actor0122	True	
	friendOf	yes	Actor0141	Actor0037	True	
	friendOf	yes	Actor0037	Actor0141	True	
	friendOf	yes	Actor0021	Actor0100	True	
	friendOf	yes	Actor0100	Actor0021	True	
	friendOf	yes	Actor0023	Actor0032	True	
	friendOf	yes	Actor0032	Actor0023	True	
	friendOf	yes	Actor0023	Actor0047	True	
	friendOf	yes	Actor0047	Actor0023	True	
	friendOf	yes	Actor0038	Actor0072	True	
	friendOf	yes	Actor0072	Actor0038	True	
	friendOf	yes	Actor0035	Actor0107	True	
	friendOf	yes	Actor0107	Actor0035	True	
	friendOf	yes	Actor0035	Actor0071	True	
	friendOf	yes	Actor0071	Actor0035	True	
	friendOf	yes	Actor0031	Actor0009	True	
	friendOf	yes	Actor0009	Actor0031	True	
	friendOf	yes	Actor0012	Actor0016	True	
	friendOf	yes	Actor0016	Actor0012	True	
	friendOf	yes	Actor0100	Actor0129	True	
	friendOf	yes	Actor0129	Actor0100	True	
	friendOf	yes	Actor0130	Actor0055	True	
	friendOf	yes	Actor0055	Actor0130	True	
	friendOf	yes	Actor0019	Actor0079	True	
	friendOf	yes	Actor0079	Actor0019	True	
	friendOf	yes	Actor0004	Actor0034	True	
	friendOf	yes	Actor0034	Actor0004	True	
	friendOf	yes	Actor0005	Actor0044	True	
	friendOf	yes	Actor0044	Actor0005	True	
	friendOf	yes	Actor0157	Actor0009	True	
	friendOf	yes	Actor0009	Actor0157	True	
	friendOf	yes	Actor0139	Actor0038	True	
	friendOf	yes	Actor0038	Actor0139	True	
	friendOf	yes	Actor0010	Actor0115	True	
	friendOf	yes	Actor0115	Actor0010	True	
	friendOf	yes	Actor0010	Actor0069	True	
	friendOf	yes	Actor0069	Actor0010	True	
	friendOf	yes	Actor0017	Actor0112	True	
	friendOf	yes	Actor0112	Actor0017	True	
	friendOf	yes	Actor0017	Actor0139	True	
	friendOf	yes	Actor0139	Actor0017	True	
	friendOf	yes	Actor0050	Actor0105	True	
	friendOf	yes	Actor0105	Actor0050	True	
	friendOf	yes	Actor0050	Actor0070	True	
	friendOf	yes	Actor0070	Actor0050	True	
	friendOf	yes	Actor0156	Actor0064	True	
	friendOf	yes	Actor0064	Actor0156	True	
	friendOf	yes	Actor0156	Actor0104	True	
	friendOf	yes	Actor0104	Actor0156	True	
	friendOf	yes	Actor0025	Actor0118	True	
	friendOf	yes	Actor0118	Actor0025	True	
	friendOf	yes	Actor0111	Actor0084	True	
	friendOf	yes	Actor0084	Actor0111	True	
	friendOf	yes	Actor0070	Actor0081	True	
	friendOf	yes	Actor0081	Actor0070	True	
	friendOf	yes	Actor0006	Actor0069	True	
	friendOf	yes	Actor0069	Actor0006	True	
	neighbor	yes	Actor0001	Actor0008	Region13	
	neighbor	yes	Actor0008	Actor0001	Region13	
	neighbor	yes	Actor0001	Actor0013	Region13	
	neighbor	yes	Actor0013	Actor0001	Region13	
	neighbor	yes	Actor0001	Actor0028	Region13	
	neighbor	yes	Actor0028	Actor0001	Region13	
	neighbor	yes	Actor0001	Actor0048	Region13	
	neighbor	yes	Actor0048	Actor0001	Region13	
	neighbor	yes	Actor0001	Actor0055	Region13	
	neighbor	yes	Actor0055	Actor0001	Region13	
	neighbor	yes	Actor0001	Actor0065	Region13	
	neighbor	yes	Actor0065	Actor0001	Region13	
	neighbor	yes	Actor0001	Actor0094	Region13	
	neighbor	yes	Actor0094	Actor0001	Region13	
	neighbor	yes	Actor0001	Actor0105	Region13	
	neighbor	yes	Actor0105	Actor0001	Region13	
	neighbor	yes	Actor0001	Actor0124	Region13	
	neighbor	yes	Actor0124	Actor0001	Region13	
	neighbor	yes	Actor0001	Actor0129	Region13	
	neighbor	yes	Actor0129	Actor0001	Region13	
	neighbor	yes	Actor0001	Actor0151	Region13	
	neighbor	yes	Actor0151	Actor0001	Region13	
	neighbor	yes	Actor0008	Actor0013	Region13	
	neighbor	yes	Actor0013	Actor0008	Region13	
	neighbor	yes	Actor0008	Actor0028	Region13	
	neighbor	yes	Actor0028	Actor0008	Region13	
	neighbor	yes	Actor0008	Actor0048	Region13	
	neighbor	yes	Actor0048	Actor0008	Region13	
	neighbor	yes	Actor0008	Actor0055	Region13	
	neighbor	yes	Actor0055	Actor0008	Region13	
	neighbor	yes	Actor0008	Actor0065	Region13	
	neighbor	yes	Actor0065	Actor0008	Region13	
	neighbor	yes	Actor0008	Actor0094	Region13	
	neighbor	yes	Actor0094	Actor0008	Region13	
	neighbor	yes	Actor0008	Actor0105	Region13	
	neighbor	yes	Actor0105	Actor0008	Region13	
	neighbor	yes	Actor0008	Actor0124	Region13	
	neighbor	yes	Actor0124	Actor0008	Region13	
	neighbor	yes	Actor0008	Actor0129	Region13	
	neighbor	yes	Actor0129	Actor0008	Region13	
	neighbor	yes	Actor0008	Actor0151	Region13	
	neighbor	yes	Actor0151	Actor0008	Region13	
	neighbor	yes	Actor0013	Actor0028	Region13	
	neighbor	yes	Actor0028	Actor0013	Region13	
	neighbor	yes	Actor0013	Actor0048	Region13	
	neighbor	yes	Actor0048	Actor0013	Region13	
	neighbor	yes	Actor0013	Actor0055	Region13	
	neighbor	yes	Actor0055	Actor0013	Region13	
	neighbor	yes	Actor0013	Actor0065	Region13	
	neighbor	yes	Actor0065	Actor0013	Region13	
	neighbor	yes	Actor0013	Actor0094	Region13	
	neighbor	yes	Actor0094	Actor0013	Region13	
	neighbor	yes	Actor0013	Actor0105	Region13	
	neighbor	yes	Actor0105	Actor0013	Region13	
	neighbor	yes	Actor0013	Actor0124	Region13	
	neighbor	yes	Actor0124	Actor0013	Region13	
	neighbor	yes	Actor0013	Actor0129	Region13	
	neighbor	yes	Actor0129	Actor0013	Region13	
	neighbor	yes	Actor0013	Actor0151	Region13	
	neighbor	yes	Actor0151	Actor0013	Region13	
	neighbor	yes	Actor0028	Actor0048	Region13	
	neighbor	yes	Actor0048	Actor0028	Region13	
	neighbor	yes	Actor0028	Actor0055	Region13	
	neighbor	yes	Actor0055	Actor0028	Region13	
	neighbor	yes	Actor0028	Actor0065	Region13	
	neighbor	yes	Actor0065	Actor0028	Region13	
	neighbor	yes	Actor0028	Actor0094	Region13	
	neighbor	yes	Actor0094	Actor0028	Region13	
	neighbor	yes	Actor0028	Actor0105	Region13	
	neighbor	yes	Actor0105	Actor0028	Region13	
	neighbor	yes	Actor0028	Actor0124	Region13	
	neighbor	yes	Actor0124	Actor0028	Region13	
	neighbor	yes	Actor0028	Actor0129	Region13	
	neighbor	yes	Actor0129	Actor0028	Region13	
	neighbor	yes	Actor0028	Actor0151	Region13	
	neighbor	yes	Actor0151	Actor0028	Region13	
	neighbor	yes	Actor0048	Actor0055	Region13	
	neighbor	yes	Actor0055	Actor0048	Region13	
	neighbor	yes	Actor0048	Actor0065	Region13	
	neighbor	yes	Actor0065	Actor0048	Region13	
	neighbor	yes	Actor0048	Actor0094	Region13	
	neighbor	yes	Actor0094	Actor0048	Region13	
	neighbor	yes	Actor0048	Actor0105	Region13	
	neighbor	yes	Actor0105	Actor0048	Region13	
	neighbor	yes	Actor0048	Actor0124	Region13	
	neighbor	yes	Actor0124	Actor0048	Region13	
	neighbor	yes	Actor0048	Actor0129	Region13	
	neighbor	yes	Actor0129	Actor0048	Region13	
	neighbor	yes	Actor0048	Actor0151	Region13	
	neighbor	yes	Actor0151	Actor0048	Region13	
	neighbor	yes	Actor0055	Actor0065	Region13	
	neighbor	yes	Actor0065	Actor0055	Region13	
	neighbor	yes	Actor0055	Actor0094	Region13	
	neighbor	yes	Actor0094	Actor0055	Region13	
	neighbor	yes	Actor0055	Actor0105	Region13	
	neighbor	yes	Actor0105	Actor0055	Region13	
	neighbor	yes	Actor0055	Actor0124	Region13	
	neighbor	yes	Actor0124	Actor0055	Region13	
	neighbor	yes	Actor0055	Actor0129	Region13	
	neighbor	yes	Actor0129	Actor0055	Region13	
	neighbor	yes	Actor0055	Actor0151	Region13	
	neighbor	yes	Actor0151	Actor0055	Region13	
	neighbor	yes	Actor0065	Actor0094	Region13	
	neighbor	yes	Actor0094	Actor0065	Region13	
	neighbor	yes	Actor0065	Actor0105	Region13	
	neighbor	yes	Actor0105	Actor0065	Region13	
	neighbor	yes	Actor0065	Actor0124	Region13	
	neighbor	yes	Actor0124	Actor0065	Region13	
	neighbor	yes	Actor0065	Actor0129	Region13	
	neighbor	yes	Actor0129	Actor0065	Region13	
	neighbor	yes	Actor0065	Actor0151	Region13	
	neighbor	yes	Actor0151	Actor0065	Region13	
	neighbor	yes	Actor0094	Actor0105	Region13	
	neighbor	yes	Actor0105	Actor0094	Region13	
	neighbor	yes	Actor0094	Actor0124	Region13	
	neighbor	yes	Actor0124	Actor0094	Region13	
	neighbor	yes	Actor0094	Actor0129	Region13	
	neighbor	yes	Actor0129	Actor0094	Region13	
	neighbor	yes	Actor0094	Actor0151	Region13	
	neighbor	yes	Actor0151	Actor0094	Region13	
	neighbor	yes	Actor0105	Actor0124	Region13	
	neighbor	yes	Actor0124	Actor0105	Region13	
	neighbor	yes	Actor0105	Actor0129	Region13	
	neighbor	yes	Actor0129	Actor0105	Region13	
	neighbor	yes	Actor0105	Actor0151	Region13	
	neighbor	yes	Actor0151	Actor0105	Region13	
	neighbor	yes	Actor0124	Actor0129	Region13	
	neighbor	yes	Actor0129	Actor0124	Region13	
	neighbor	yes	Actor0124	Actor0151	Region13	
	neighbor	yes	Actor0151	Actor0124	Region13	
	neighbor	yes	Actor0129	Actor0151	Region13	
	neighbor	yes	Actor0151	Actor0129	Region13	
	neighbor	yes	Actor0002	Actor0017	Region12	
	neighbor	yes	Actor0017	Actor0002	Region12	
	neighbor	yes	Actor0002	Actor0076	Region12	
	neighbor	yes	Actor0076	Actor0002	Region12	
	neighbor	yes	Actor0002	Actor0093	Region12	
	neighbor	yes	Actor0093	Actor0002	Region12	
	neighbor	yes	Actor0002	Actor0109	Region12	
	neighbor	yes	Actor0109	Actor0002	Region12	
	neighbor	yes	Actor0002	Actor0126	Region12	
	neighbor	yes	Actor0126	Actor0002	Region12	
	neighbor	yes	Actor0002	Actor0132	Region12	
	neighbor	yes	Actor0132	Actor0002	Region12	
	neighbor	yes	Actor0002	Actor0140	Region12	
	neighbor	yes	Actor0140	Actor0002	Region12	
	neighbor	yes	Actor0002	Actor0156	Region12	
	neighbor	yes	Actor0156	Actor0002	Region12	
	neighbor	yes	Actor0002	Actor0157	Region12	
	neighbor	yes	Actor0157	Actor0002	Region12	
	neighbor	yes	Actor0017	Actor0076	Region12	
	neighbor	yes	Actor0076	Actor0017	Region12	
	neighbor	yes	Actor0017	Actor0093	Region12	
	neighbor	yes	Actor0093	Actor0017	Region12	
	neighbor	yes	Actor0017	Actor0109	Region12	
	neighbor	yes	Actor0109	Actor0017	Region12	
	neighbor	yes	Actor0017	Actor0126	Region12	
	neighbor	yes	Actor0126	Actor0017	Region12	
	neighbor	yes	Actor0017	Actor0132	Region12	
	neighbor	yes	Actor0132	Actor0017	Region12	
	neighbor	yes	Actor0017	Actor0140	Region12	
	neighbor	yes	Actor0140	Actor0017	Region12	
	neighbor	yes	Actor0017	Actor0156	Region12	
	neighbor	yes	Actor0156	Actor0017	Region12	
	neighbor	yes	Actor0017	Actor0157	Region12	
	neighbor	yes	Actor0157	Actor0017	Region12	
	neighbor	yes	Actor0076	Actor0093	Region12	
	neighbor	yes	Actor0093	Actor0076	Region12	
	neighbor	yes	Actor0076	Actor0109	Region12	
	neighbor	yes	Actor0109	Actor0076	Region12	
	neighbor	yes	Actor0076	Actor0126	Region12	
	neighbor	yes	Actor0126	Actor0076	Region12	
	neighbor	yes	Actor0076	Actor0132	Region12	
	neighbor	yes	Actor0132	Actor0076	Region12	
	neighbor	yes	Actor0076	Actor0140	Region12	
	neighbor	yes	Actor0140	Actor0076	Region12	
	neighbor	yes	Actor0076	Actor0156	Region12	
	neighbor	yes	Actor0156	Actor0076	Region12	
	neighbor	yes	Actor0076	Actor0157	Region12	
	neighbor	yes	Actor0157	Actor0076	Region12	
	neighbor	yes	Actor0093	Actor0109	Region12	
	neighbor	yes	Actor0109	Actor0093	Region12	
	neighbor	yes	Actor0093	Actor0126	Region12	
	neighbor	yes	Actor0126	Actor0093	Region12	
	neighbor	yes	Actor0093	Actor0132	Region12	
	neighbor	yes	Actor0132	Actor0093	Region12	
	neighbor	yes	Actor0093	Actor0140	Region12	
	neighbor	yes	Actor0140	Actor0093	Region12	
	neighbor	yes	Actor0093	Actor0156	Region12	
	neighbor	yes	Actor0156	Actor0093	Region12	
	neighbor	yes	Actor0093	Actor0157	Region12	
	neighbor	yes	Actor0157	Actor0093	Region12	
	neighbor	yes	Actor0109	Actor0126	Region12	
	neighbor	yes	Actor0126	Actor0109	Region12	
	neighbor	yes	Actor0109	Actor0132	Region12	
	neighbor	yes	Actor0132	Actor0109	Region12	
	neighbor	yes	Actor0109	Actor0140	Region12	
	neighbor	yes	Actor0140	Actor0109	Region12	
	neighbor	yes	Actor0109	Actor0156	Region12	
	neighbor	yes	Actor0156	Actor0109	Region12	
	neighbor	yes	Actor0109	Actor0157	Region12	
	neighbor	yes	Actor0157	Actor0109	Region12	
	neighbor	yes	Actor0126	Actor0132	Region12	
	neighbor	yes	Actor0132	Actor0126	Region12	
	neighbor	yes	Actor0126	Actor0140	Region12	
	neighbor	yes	Actor0140	Actor0126	Region12	
	neighbor	yes	Actor0126	Actor0156	Region12	
	neighbor	yes	Actor0156	Actor0126	Region12	
	neighbor	yes	Actor0126	Actor0157	Region12	
	neighbor	yes	Actor0157	Actor0126	Region12	
	neighbor	yes	Actor0132	Actor0140	Region12	
	neighbor	yes	Actor0140	Actor0132	Region12	
	neighbor	yes	Actor0132	Actor0156	Region12	
	neighbor	yes	Actor0156	Actor0132	Region12	
	neighbor	yes	Actor0132	Actor0157	Region12	
	neighbor	yes	Actor0157	Actor0132	Region12	
	neighbor	yes	Actor0140	Actor0156	Region12	
	neighbor	yes	Actor0156	Actor0140	Region12	
	neighbor	yes	Actor0140	Actor0157	Region12	
	neighbor	yes	Actor0157	Actor0140	Region12	
	neighbor	yes	Actor0156	Actor0157	Region12	
	neighbor	yes	Actor0157	Actor0156	Region12	
	neighbor	yes	Actor0003	Actor0016	Region15	
	neighbor	yes	Actor0016	Actor0003	Region15	
	neighbor	yes	Actor0003	Actor0021	Region15	
	neighbor	yes	Actor0021	Actor0003	Region15	
	neighbor	yes	Actor0003	Actor0027	Region15	
	neighbor	yes	Actor0027	Actor0003	Region15	
	neighbor	yes	Actor0003	Actor0032	Region15	
	neighbor	yes	Actor0032	Actor0003	Region15	
	neighbor	yes	Actor0003	Actor0087	Region15	
	neighbor	yes	Actor0087	Actor0003	Region15	
	neighbor	yes	Actor0003	Actor0092	Region15	
	neighbor	yes	Actor0092	Actor0003	Region15	
	neighbor	yes	Actor0003	Actor0096	Region15	
	neighbor	yes	Actor0096	Actor0003	Region15	
	neighbor	yes	Actor0003	Actor0103	Region15	
	neighbor	yes	Actor0103	Actor0003	Region15	
	neighbor	yes	Actor0003	Actor0106	Region15	
	neighbor	yes	Actor0106	Actor0003	Region15	
	neighbor	yes	Actor0016	Actor0021	Region15	
	neighbor	yes	Actor0021	Actor0016	Region15	
	neighbor	yes	Actor0016	Actor0027	Region15	
	neighbor	yes	Actor0027	Actor0016	Region15	
	neighbor	yes	Actor0016	Actor0032	Region15	
	neighbor	yes	Actor0032	Actor0016	Region15	
	neighbor	yes	Actor0016	Actor0087	Region15	
	neighbor	yes	Actor0087	Actor0016	Region15	
	neighbor	yes	Actor0016	Actor0092	Region15	
	neighbor	yes	Actor0092	Actor0016	Region15	
	neighbor	yes	Actor0016	Actor0096	Region15	
	neighbor	yes	Actor0096	Actor0016	Region15	
	neighbor	yes	Actor0016	Actor0103	Region15	
	neighbor	yes	Actor0103	Actor0016	Region15	
	neighbor	yes	Actor0016	Actor0106	Region15	
	neighbor	yes	Actor0106	Actor0016	Region15	
	neighbor	yes	Actor0021	Actor0027	Region15	
	neighbor	yes	Actor0027	Actor0021	Region15	
	neighbor	yes	Actor0021	Actor0032	Region15	
	neighbor	yes	Actor0032	Actor0021	Region15	
	neighbor	yes	Actor0021	Actor0087	Region15	
	neighbor	yes	Actor0087	Actor0021	Region15	
	neighbor	yes	Actor0021	Actor0092	Region15	
	neighbor	yes	Actor0092	Actor0021	Region15	
	neighbor	yes	Actor0021	Actor0096	Region15	
	neighbor	yes	Actor0096	Actor0021	Region15	
	neighbor	yes	Actor0021	Actor0103	Region15	
	neighbor	yes	Actor0103	Actor0021	Region15	
	neighbor	yes	Actor0021	Actor0106	Region15	
	neighbor	yes	Actor0106	Actor0021	Region15	
	neighbor	yes	Actor0027	Actor0032	Region15	
	neighbor	yes	Actor0032	Actor0027	Region15	
	neighbor	yes	Actor0027	Actor0087	Region15	
	neighbor	yes	Actor0087	Actor0027	Region15	
	neighbor	yes	Actor0027	Actor0092	Region15	
	neighbor	yes	Actor0092	Actor0027	Region15	
	neighbor	yes	Actor0027	Actor0096	Region15	
	neighbor	yes	Actor0096	Actor0027	Region15	
	neighbor	yes	Actor0027	Actor0103	Region15	
	neighbor	yes	Actor0103	Actor0027	Region15	
	neighbor	yes	Actor0027	Actor0106	Region15	
	neighbor	yes	Actor0106	Actor0027	Region15	
	neighbor	yes	Actor0032	Actor0087	Region15	
	neighbor	yes	Actor0087	Actor0032	Region15	
	neighbor	yes	Actor0032	Actor0092	Region15	
	neighbor	yes	Actor0092	Actor0032	Region15	
	neighbor	yes	Actor0032	Actor0096	Region15	
	neighbor	yes	Actor0096	Actor0032	Region15	
	neighbor	yes	Actor0032	Actor0103	Region15	
	neighbor	yes	Actor0103	Actor0032	Region15	
	neighbor	yes	Actor0032	Actor0106	Region15	
	neighbor	yes	Actor0106	Actor0032	Region15	
	neighbor	yes	Actor0087	Actor0092	Region15	
	neighbor	yes	Actor0092	Actor0087	Region15	
	neighbor	yes	Actor0087	Actor0096	Region15	
	neighbor	yes	Actor0096	Actor0087	Region15	
	neighbor	yes	Actor0087	Actor0103	Region15	
	neighbor	yes	Actor0103	Actor0087	Region15	
	neighbor	yes	Actor0087	Actor0106	Region15	
	neighbor	yes	Actor0106	Actor0087	Region15	
	neighbor	yes	Actor0092	Actor0096	Region15	
	neighbor	yes	Actor0096	Actor0092	Region15	
	neighbor	yes	Actor0092	Actor0103	Region15	
	neighbor	yes	Actor0103	Actor0092	Region15	
	neighbor	yes	Actor0092	Actor0106	Region15	
	neighbor	yes	Actor0106	Actor0092	Region15	
	neighbor	yes	Actor0096	Actor0103	Region15	
	neighbor	yes	Actor0103	Actor0096	Region15	
	neighbor	yes	Actor0096	Actor0106	Region15	
	neighbor	yes	Actor0106	Actor0096	Region15	
	neighbor	yes	Actor0103	Actor0106	Region15	
	neighbor	yes	Actor0106	Actor0103	Region15	
	neighbor	yes	Actor0004	Actor0011	Region14	
	neighbor	yes	Actor0011	Actor0004	Region14	
	neighbor	yes	Actor0004	Actor0043	Region14	
	neighbor	yes	Actor0043	Actor0004	Region14	
	neighbor	yes	Actor0004	Actor0089	Region14	
	neighbor	yes	Actor0089	Actor0004	Region14	
	neighbor	yes	Actor0004	Actor0114	Region14	
	neighbor	yes	Actor0114	Actor0004	Region14	
	neighbor	yes	Actor0004	Actor0141	Region14	
	neighbor	yes	Actor0141	Actor0004	Region14	
	neighbor	yes	Actor0004	Actor0160	Region14	
	neighbor	yes	Actor0160	Actor0004	Region14	
	neighbor	yes	Actor0011	Actor0043	Region14	
	neighbor	yes	Actor0043	Actor0011	Region14	
	neighbor	yes	Actor0011	Actor0089	Region14	
	neighbor	yes	Actor0089	Actor0011	Region14	
	neighbor	yes	Actor0011	Actor0114	Region14	
	neighbor	yes	Actor0114	Actor0011	Region14	
	neighbor	yes	Actor0011	Actor0141	Region14	
	neighbor	yes	Actor0141	Actor0011	Region14	
	neighbor	yes	Actor0011	Actor0160	Region14	
	neighbor	yes	Actor0160	Actor0011	Region14	
	neighbor	yes	Actor0043	Actor0089	Region14	
	neighbor	yes	Actor0089	Actor0043	Region14	
	neighbor	yes	Actor0043	Actor0114	Region14	
	neighbor	yes	Actor0114	Actor0043	Region14	
	neighbor	yes	Actor0043	Actor0141	Region14	
	neighbor	yes	Actor0141	Actor0043	Region14	
	neighbor	yes	Actor0043	Actor0160	Region14	
	neighbor	yes	Actor0160	Actor0043	Region14	
	neighbor	yes	Actor0089	Actor0114	Region14	
	neighbor	yes	Actor0114	Actor0089	Region14	
	neighbor	yes	Actor0089	Actor0141	Region14	
	neighbor	yes	Actor0141	Actor0089	Region14	
	neighbor	yes	Actor0089	Actor0160	Region14	
	neighbor	yes	Actor0160	Actor0089	Region14	
	neighbor	yes	Actor0114	Actor0141	Region14	
	neighbor	yes	Actor0141	Actor0114	Region14	
	neighbor	yes	Actor0114	Actor0160	Region14	
	neighbor	yes	Actor0160	Actor0114	Region14	
	neighbor	yes	Actor0141	Actor0160	Region14	
	neighbor	yes	Actor0160	Actor0141	Region14	
	neighbor	yes	Actor0005	Actor0019	Region04	
	neighbor	yes	Actor0019	Actor0005	Region04	
	neighbor	yes	Actor0005	Actor0024	Region04	
	neighbor	yes	Actor0024	Actor0005	Region04	
	neighbor	yes	Actor0005	Actor0031	Region04	
	neighbor	yes	Actor0031	Actor0005	Region04	
	neighbor	yes	Actor0005	Actor0034	Region04	
	neighbor	yes	Actor0034	Actor0005	Region04	
	neighbor	yes	Actor0005	Actor0045	Region04	
	neighbor	yes	Actor0045	Actor0005	Region04	
	neighbor	yes	Actor0005	Actor0082	Region04	
	neighbor	yes	Actor0082	Actor0005	Region04	
	neighbor	yes	Actor0005	Actor0084	Region04	
	neighbor	yes	Actor0084	Actor0005	Region04	
	neighbor	yes	Actor0005	Actor0090	Region04	
	neighbor	yes	Actor0090	Actor0005	Region04	
	neighbor	yes	Actor0005	Actor0121	Region04	
	neighbor	yes	Actor0121	Actor0005	Region04	
	neighbor	yes	Actor0005	Actor0125	Region04	
	neighbor	yes	Actor0125	Actor0005	Region04	
	neighbor	yes	Actor0005	Actor0128	Region04	
	neighbor	yes	Actor0128	Actor0005	Region04	
	neighbor	yes	Actor0005	Actor0133	Region04	
	neighbor	yes	Actor0133	Actor0005	Region04	
	neighbor	yes	Actor0005	Actor0145	Region04	
	neighbor	yes	Actor0145	Actor0005	Region04	
	neighbor	yes	Actor0005	Actor0154	Region04	
	neighbor	yes	Actor0154	Actor0005	Region04	
	neighbor	yes	Actor0019	Actor0024	Region04	
	neighbor	yes	Actor0024	Actor0019	Region04	
	neighbor	yes	Actor0019	Actor0031	Region04	
	neighbor	yes	Actor0031	Actor0019	Region04	
	neighbor	yes	Actor0019	Actor0034	Region04	
	neighbor	yes	Actor0034	Actor0019	Region04	
	neighbor	yes	Actor0019	Actor0045	Region04	
	neighbor	yes	Actor0045	Actor0019	Region04	
	neighbor	yes	Actor0019	Actor0082	Region04	
	neighbor	yes	Actor0082	Actor0019	Region04	
	neighbor	yes	Actor0019	Actor0084	Region04	
	neighbor	yes	Actor0084	Actor0019	Region04	
	neighbor	yes	Actor0019	Actor0090	Region04	
	neighbor	yes	Actor0090	Actor0019	Region04	
	neighbor	yes	Actor0019	Actor0121	Region04	
	neighbor	yes	Actor0121	Actor0019	Region04	
	neighbor	yes	Actor0019	Actor0125	Region04	
	neighbor	yes	Actor0125	Actor0019	Region04	
	neighbor	yes	Actor0019	Actor0128	Region04	
	neighbor	yes	Actor0128	Actor0019	Region04	
	neighbor	yes	Actor0019	Actor0133	Region04	
	neighbor	yes	Actor0133	Actor0019	Region04	
	neighbor	yes	Actor0019	Actor0145	Region04	
	neighbor	yes	Actor0145	Actor0019	Region04	
	neighbor	yes	Actor0019	Actor0154	Region04	
	neighbor	yes	Actor0154	Actor0019	Region04	
	neighbor	yes	Actor0024	Actor0031	Region04	
	neighbor	yes	Actor0031	Actor0024	Region04	
	neighbor	yes	Actor0024	Actor0034	Region04	
	neighbor	yes	Actor0034	Actor0024	Region04	
	neighbor	yes	Actor0024	Actor0045	Region04	
	neighbor	yes	Actor0045	Actor0024	Region04	
	neighbor	yes	Actor0024	Actor0082	Region04	
	neighbor	yes	Actor0082	Actor0024	Region04	
	neighbor	yes	Actor0024	Actor0084	Region04	
	neighbor	yes	Actor0084	Actor0024	Region04	
	neighbor	yes	Actor0024	Actor0090	Region04	
	neighbor	yes	Actor0090	Actor0024	Region04	
	neighbor	yes	Actor0024	Actor0121	Region04	
	neighbor	yes	Actor0121	Actor0024	Region04	
	neighbor	yes	Actor0024	Actor0125	Region04	
	neighbor	yes	Actor0125	Actor0024	Region04	
	neighbor	yes	Actor0024	Actor0128	Region04	
	neighbor	yes	Actor0128	Actor0024	Region04	
	neighbor	yes	Actor0024	Actor0133	Region04	
	neighbor	yes	Actor0133	Actor0024	Region04	
	neighbor	yes	Actor0024	Actor0145	Region04	
	neighbor	yes	Actor0145	Actor0024	Region04	
	neighbor	yes	Actor0024	Actor0154	Region04	
	neighbor	yes	Actor0154	Actor0024	Region04	
	neighbor	yes	Actor0031	Actor0034	Region04	
	neighbor	yes	Actor0034	Actor0031	Region04	
	neighbor	yes	Actor0031	Actor0045	Region04	
	neighbor	yes	Actor0045	Actor0031	Region04	
	neighbor	yes	Actor0031	Actor0082	Region04	
	neighbor	yes	Actor0082	Actor0031	Region04	
	neighbor	yes	Actor0031	Actor0084	Region04	
	neighbor	yes	Actor0084	Actor0031	Region04	
	neighbor	yes	Actor0031	Actor0090	Region04	
	neighbor	yes	Actor0090	Actor0031	Region04	
	neighbor	yes	Actor0031	Actor0121	Region04	
	neighbor	yes	Actor0121	Actor0031	Region04	
	neighbor	yes	Actor0031	Actor0125	Region04	
	neighbor	yes	Actor0125	Actor0031	Region04	
	neighbor	yes	Actor0031	Actor0128	Region04	
	neighbor	yes	Actor0128	Actor0031	Region04	
	neighbor	yes	Actor0031	Actor0133	Region04	
	neighbor	yes	Actor0133	Actor0031	Region04	
	neighbor	yes	Actor0031	Actor0145	Region04	
	neighbor	yes	Actor0145	Actor0031	Region04	
	neighbor	yes	Actor0031	Actor0154	Region04	
	neighbor	yes	Actor0154	Actor0031	Region04	
	neighbor	yes	Actor0034	Actor0045	Region04	
	neighbor	yes	Actor0045	Actor0034	Region04	
	neighbor	yes	Actor0034	Actor0082	Region04	
	neighbor	yes	Actor0082	Actor0034	Region04	
	neighbor	yes	Actor0034	Actor0084	Region04	
	neighbor	yes	Actor0084	Actor0034	Region04	
	neighbor	yes	Actor0034	Actor0090	Region04	
	neighbor	yes	Actor0090	Actor0034	Region04	
	neighbor	yes	Actor0034	Actor0121	Region04	
	neighbor	yes	Actor0121	Actor0034	Region04	
	neighbor	yes	Actor0034	Actor0125	Region04	
	neighbor	yes	Actor0125	Actor0034	Region04	
	neighbor	yes	Actor0034	Actor0128	Region04	
	neighbor	yes	Actor0128	Actor0034	Region04	
	neighbor	yes	Actor0034	Actor0133	Region04	
	neighbor	yes	Actor0133	Actor0034	Region04	
	neighbor	yes	Actor0034	Actor0145	Region04	
	neighbor	yes	Actor0145	Actor0034	Region04	
	neighbor	yes	Actor0034	Actor0154	Region04	
	neighbor	yes	Actor0154	Actor0034	Region04	
	neighbor	yes	Actor0045	Actor0082	Region04	
	neighbor	yes	Actor0082	Actor0045	Region04	
	neighbor	yes	Actor0045	Actor0084	Region04	
	neighbor	yes	Actor0084	Actor0045	Region04	
	neighbor	yes	Actor0045	Actor0090	Region04	
	neighbor	yes	Actor0090	Actor0045	Region04	
	neighbor	yes	Actor0045	Actor0121	Region04	
	neighbor	yes	Actor0121	Actor0045	Region04	
	neighbor	yes	Actor0045	Actor0125	Region04	
	neighbor	yes	Actor0125	Actor0045	Region04	
	neighbor	yes	Actor0045	Actor0128	Region04	
	neighbor	yes	Actor0128	Actor0045	Region04	
	neighbor	yes	Actor0045	Actor0133	Region04	
	neighbor	yes	Actor0133	Actor0045	Region04	
	neighbor	yes	Actor0045	Actor0145	Region04	
	neighbor	yes	Actor0145	Actor0045	Region04	
	neighbor	yes	Actor0045	Actor0154	Region04	
	neighbor	yes	Actor0154	Actor0045	Region04	
	neighbor	yes	Actor0082	Actor0084	Region04	
	neighbor	yes	Actor0084	Actor0082	Region04	
	neighbor	yes	Actor0082	Actor0090	Region04	
	neighbor	yes	Actor0090	Actor0082	Region04	
	neighbor	yes	Actor0082	Actor0121	Region04	
	neighbor	yes	Actor0121	Actor0082	Region04	
	neighbor	yes	Actor0082	Actor0125	Region04	
	neighbor	yes	Actor0125	Actor0082	Region04	
	neighbor	yes	Actor0082	Actor0128	Region04	
	neighbor	yes	Actor0128	Actor0082	Region04	
	neighbor	yes	Actor0082	Actor0133	Region04	
	neighbor	yes	Actor0133	Actor0082	Region04	
	neighbor	yes	Actor0082	Actor0145	Region04	
	neighbor	yes	Actor0145	Actor0082	Region04	
	neighbor	yes	Actor0082	Actor0154	Region04	
	neighbor	yes	Actor0154	Actor0082	Region04	
	neighbor	yes	Actor0084	Actor0090	Region04	
	neighbor	yes	Actor0090	Actor0084	Region04	
	neighbor	yes	Actor0084	Actor0121	Region04	
	neighbor	yes	Actor0121	Actor0084	Region04	
	neighbor	yes	Actor0084	Actor0125	Region04	
	neighbor	yes	Actor0125	Actor0084	Region04	
	neighbor	yes	Actor0084	Actor0128	Region04	
	neighbor	yes	Actor0128	Actor0084	Region04	
	neighbor	yes	Actor0084	Actor0133	Region04	
	neighbor	yes	Actor0133	Actor0084	Region04	
	neighbor	yes	Actor0084	Actor0145	Region04	
	neighbor	yes	Actor0145	Actor0084	Region04	
	neighbor	yes	Actor0084	Actor0154	Region04	
	neighbor	yes	Actor0154	Actor0084	Region04	
	neighbor	yes	Actor0090	Actor0121	Region04	
	neighbor	yes	Actor0121	Actor0090	Region04	
	neighbor	yes	Actor0090	Actor0125	Region04	
	neighbor	yes	Actor0125	Actor0090	Region04	
	neighbor	yes	Actor0090	Actor0128	Region04	
	neighbor	yes	Actor0128	Actor0090	Region04	
	neighbor	yes	Actor0090	Actor0133	Region04	
	neighbor	yes	Actor0133	Actor0090	Region04	
	neighbor	yes	Actor0090	Actor0145	Region04	
	neighbor	yes	Actor0145	Actor0090	Region04	
	neighbor	yes	Actor0090	Actor0154	Region04	
	neighbor	yes	Actor0154	Actor0090	Region04	
	neighbor	yes	Actor0121	Actor0125	Region04	
	neighbor	yes	Actor0125	Actor0121	Region04	
	neighbor	yes	Actor0121	Actor0128	Region04	
	neighbor	yes	Actor0128	Actor0121	Region04	
	neighbor	yes	Actor0121	Actor0133	Region04	
	neighbor	yes	Actor0133	Actor0121	Region04	
	neighbor	yes	Actor0121	Actor0145	Region04	
	neighbor	yes	Actor0145	Actor0121	Region04	
	neighbor	yes	Actor0121	Actor0154	Region04	
	neighbor	yes	Actor0154	Actor0121	Region04	
	neighbor	yes	Actor0125	Actor0128	Region04	
	neighbor	yes	Actor0128	Actor0125	Region04	
	neighbor	yes	Actor0125	Actor0133	Region04	
	neighbor	yes	Actor0133	Actor0125	Region04	
	neighbor	yes	Actor0125	Actor0145	Region04	
	neighbor	yes	Actor0145	Actor0125	Region04	
	neighbor	yes	Actor0125	Actor0154	Region04	
	neighbor	yes	Actor0154	Actor0125	Region04	
	neighbor	yes	Actor0128	Actor0133	Region04	
	neighbor	yes	Actor0133	Actor0128	Region04	
	neighbor	yes	Actor0128	Actor0145	Region04	
	neighbor	yes	Actor0145	Actor0128	Region04	
	neighbor	yes	Actor0128	Actor0154	Region04	
	neighbor	yes	Actor0154	Actor0128	Region04	
	neighbor	yes	Actor0133	Actor0145	Region04	
	neighbor	yes	Actor0145	Actor0133	Region04	
	neighbor	yes	Actor0133	Actor0154	Region04	
	neighbor	yes	Actor0154	Actor0133	Region04	
	neighbor	yes	Actor0145	Actor0154	Region04	
	neighbor	yes	Actor0154	Actor0145	Region04	
	neighbor	yes	Actor0006	Actor0009	Region02	
	neighbor	yes	Actor0009	Actor0006	Region02	
	neighbor	yes	Actor0006	Actor0046	Region02	
	neighbor	yes	Actor0046	Actor0006	Region02	
	neighbor	yes	Actor0006	Actor0079	Region02	
	neighbor	yes	Actor0079	Actor0006	Region02	
	neighbor	yes	Actor0006	Actor0083	Region02	
	neighbor	yes	Actor0083	Actor0006	Region02	
	neighbor	yes	Actor0006	Actor0099	Region02	
	neighbor	yes	Actor0099	Actor0006	Region02	
	neighbor	yes	Actor0009	Actor0046	Region02	
	neighbor	yes	Actor0046	Actor0009	Region02	
	neighbor	yes	Actor0009	Actor0079	Region02	
	neighbor	yes	Actor0079	Actor0009	Region02	
	neighbor	yes	Actor0009	Actor0083	Region02	
	neighbor	yes	Actor0083	Actor0009	Region02	
	neighbor	yes	Actor0009	Actor0099	Region02	
	neighbor	yes	Actor0099	Actor0009	Region02	
	neighbor	yes	Actor0046	Actor0079	Region02	
	neighbor	yes	Actor0079	Actor0046	Region02	
	neighbor	yes	Actor0046	Actor0083	Region02	
	neighbor	yes	Actor0083	Actor0046	Region02	
	neighbor	yes	Actor0046	Actor0099	Region02	
	neighbor	yes	Actor0099	Actor0046	Region02	
	neighbor	yes	Actor0079	Actor0083	Region02	
	neighbor	yes	Actor0083	Actor0079	Region02	
	neighbor	yes	Actor0079	Actor0099	Region02	
	neighbor	yes	Actor0099	Actor0079	Region02	
	neighbor	yes	Actor0083	Actor0099	Region02	
	neighbor	yes	Actor0099	Actor0083	Region02	
	neighbor	yes	Actor0007	Actor0018	Region11	
	neighbor	yes	Actor0018	Actor0007	Region11	
	neighbor	yes	Actor0007	Actor0026	Region11	
	neighbor	yes	Actor0026	Actor0007	Region11	
	neighbor	yes	Actor0007	Actor0029	Region11	
	neighbor	yes	Actor0029	Actor0007	Region11	
	neighbor	yes	Actor0007	Actor0040	Region11	
	neighbor	yes	Actor0040	Actor0007	Region11	
	neighbor	yes	Actor0007	Actor0098	Region11	
	neighbor	yes	Actor0098	Actor0007	Region11	
	neighbor	yes	Actor0007	Actor0110	Region11	
	neighbor	yes	Actor0110	Actor0007	Region11	
	neighbor	yes	Actor0007	Actor0123	Region11	
	neighbor	yes	Actor0123	Actor0007	Region11	
	neighbor	yes	Actor0007	Actor0139	Region11	
	neighbor	yes	Actor0139	Actor0007	Region11	
	neighbor	yes	Actor0007	Actor0142	Region11	
	neighbor	yes	Actor0142	Actor0007	Region11	
	neighbor	yes	Actor0018	Actor0026	Region11	
	neighbor	yes	Actor0026	Actor0018	Region11	
	neighbor	yes	Actor0018	Actor0029	Region11	
	neighbor	yes	Actor0029	Actor0018	Region11	
	neighbor	yes	Actor0018	Actor0040	Region11	
	neighbor	yes	Actor0040	Actor0018	Region11	
	neighbor	yes	Actor0018	Actor0098	Region11	
	neighbor	yes	Actor0098	Actor0018	Region11	
	neighbor	yes	Actor0018	Actor0110	Region11	
	neighbor	yes	Actor0110	Actor0018	Region11	
	neighbor	yes	Actor0018	Actor0123	Region11	
	neighbor	yes	Actor0123	Actor0018	Region11	
	neighbor	yes	Actor0018	Actor0139	Region11	
	neighbor	yes	Actor0139	Actor0018	Region11	
	neighbor	yes	Actor0018	Actor0142	Region11	
	neighbor	yes	Actor0142	Actor0018	Region11	
	neighbor	yes	Actor0026	Actor0029	Region11	
	neighbor	yes	Actor0029	Actor0026	Region11	
	neighbor	yes	Actor0026	Actor0040	Region11	
	neighbor	yes	Actor0040	Actor0026	Region11	
	neighbor	yes	Actor0026	Actor0098	Region11	
	neighbor	yes	Actor0098	Actor0026	Region11	
	neighbor	yes	Actor0026	Actor0110	Region11	
	neighbor	yes	Actor0110	Actor0026	Region11	
	neighbor	yes	Actor0026	Actor0123	Region11	
	neighbor	yes	Actor0123	Actor0026	Region11	
	neighbor	yes	Actor0026	Actor0139	Region11	
	neighbor	yes	Actor0139	Actor0026	Region11	
	neighbor	yes	Actor0026	Actor0142	Region11	
	neighbor	yes	Actor0142	Actor0026	Region11	
	neighbor	yes	Actor0029	Actor0040	Region11	
	neighbor	yes	Actor0040	Actor0029	Region11	
	neighbor	yes	Actor0029	Actor0098	Region11	
	neighbor	yes	Actor0098	Actor0029	Region11	
	neighbor	yes	Actor0029	Actor0110	Region11	
	neighbor	yes	Actor0110	Actor0029	Region11	
	neighbor	yes	Actor0029	Actor0123	Region11	
	neighbor	yes	Actor0123	Actor0029	Region11	
	neighbor	yes	Actor0029	Actor0139	Region11	
	neighbor	yes	Actor0139	Actor0029	Region11	
	neighbor	yes	Actor0029	Actor0142	Region11	
	neighbor	yes	Actor0142	Actor0029	Region11	
	neighbor	yes	Actor0040	Actor0098	Region11	
	neighbor	yes	Actor0098	Actor0040	Region11	
	neighbor	yes	Actor0040	Actor0110	Region11	
	neighbor	yes	Actor0110	Actor0040	Region11	
	neighbor	yes	Actor0040	Actor0123	Region11	
	neighbor	yes	Actor0123	Actor0040	Region11	
	neighbor	yes	Actor0040	Actor0139	Region11	
	neighbor	yes	Actor0139	Actor0040	Region11	
	neighbor	yes	Actor0040	Actor0142	Region11	
	neighbor	yes	Actor0142	Actor0040	Region11	
	neighbor	yes	Actor0098	Actor0110	Region11	
	neighbor	yes	Actor0110	Actor0098	Region11	
	neighbor	yes	Actor0098	Actor0123	Region11	
	neighbor	yes	Actor0123	Actor0098	Region11	
	neighbor	yes	Actor0098	Actor0139	Region11	
	neighbor	yes	Actor0139	Actor0098	Region11	
	neighbor	yes	Actor0098	Actor0142	Region11	
	neighbor	yes	Actor0142	Actor0098	Region11	
	neighbor	yes	Actor0110	Actor0123	Region11	
	neighbor	yes	Actor0123	Actor0110	Region11	
	neighbor	yes	Actor0110	Actor0139	Region11	
	neighbor	yes	Actor0139	Actor0110	Region11	
	neighbor	yes	Actor0110	Actor0142	Region11	
	neighbor	yes	Actor0142	Actor0110	Region11	
	neighbor	yes	Actor0123	Actor0139	Region11	
	neighbor	yes	Actor0139	Actor0123	Region11	
	neighbor	yes	Actor0123	Actor0142	Region11	
	neighbor	yes	Actor0142	Actor0123	Region11	
	neighbor	yes	Actor0139	Actor0142	Region11	
	neighbor	yes	Actor0142	Actor0139	Region11	
	neighbor	yes	Actor0010	Actor0015	Region03	
	neighbor	yes	Actor0015	Actor0010	Region03	
	neighbor	yes	Actor0010	Actor0062	Region03	
	neighbor	yes	Actor0062	Actor0010	Region03	
	neighbor	yes	Actor0010	Actor0063	Region03	
	neighbor	yes	Actor0063	Actor0010	Region03	
	neighbor	yes	Actor0010	Actor0077	Region03	
	neighbor	yes	Actor0077	Actor0010	Region03	
	neighbor	yes	Actor0010	Actor0081	Region03	
	neighbor	yes	Actor0081	Actor0010	Region03	
	neighbor	yes	Actor0010	Actor0120	Region03	
	neighbor	yes	Actor0120	Actor0010	Region03	
	neighbor	yes	Actor0010	Actor0135	Region03	
	neighbor	yes	Actor0135	Actor0010	Region03	
	neighbor	yes	Actor0010	Actor0148	Region03	
	neighbor	yes	Actor0148	Actor0010	Region03	
	neighbor	yes	Actor0015	Actor0062	Region03	
	neighbor	yes	Actor0062	Actor0015	Region03	
	neighbor	yes	Actor0015	Actor0063	Region03	
	neighbor	yes	Actor0063	Actor0015	Region03	
	neighbor	yes	Actor0015	Actor0077	Region03	
	neighbor	yes	Actor0077	Actor0015	Region03	
	neighbor	yes	Actor0015	Actor0081	Region03	
	neighbor	yes	Actor0081	Actor0015	Region03	
	neighbor	yes	Actor0015	Actor0120	Region03	
	neighbor	yes	Actor0120	Actor0015	Region03	
	neighbor	yes	Actor0015	Actor0135	Region03	
	neighbor	yes	Actor0135	Actor0015	Region03	
	neighbor	yes	Actor0015	Actor0148	Region03	
	neighbor	yes	Actor0148	Actor0015	Region03	
	neighbor	yes	Actor0062	Actor0063	Region03	
	neighbor	yes	Actor0063	Actor0062	Region03	
	neighbor	yes	Actor0062	Actor0077	Region03	
	neighbor	yes	Actor0077	Actor0062	Region03	
	neighbor	yes	Actor0062	Actor0081	Region03	
	neighbor	yes	Actor0081	Actor0062	Region03	
	neighbor	yes	Actor0062	Actor0120	Region03	
	neighbor	yes	Actor0120	Actor0062	Region03	
	neighbor	yes	Actor0062	Actor0135	Region03	
	neighbor	yes	Actor0135	Actor0062	Region03	
	neighbor	yes	Actor0062	Actor0148	Region03	
	neighbor	yes	Actor0148	Actor0062	Region03	
	neighbor	yes	Actor0063	Actor0077	Region03	
	neighbor	yes	Actor0077	Actor0063	Region03	
	neighbor	yes	Actor0063	Actor0081	Region03	
	neighbor	yes	Actor0081	Actor0063	Region03	
	neighbor	yes	Actor0063	Actor0120	Region03	
	neighbor	yes	Actor0120	Actor0063	Region03	
	neighbor	yes	Actor0063	Actor0135	Region03	
	neighbor	yes	Actor0135	Actor0063	Region03	
	neighbor	yes	Actor0063	Actor0148	Region03	
	neighbor	yes	Actor0148	Actor0063	Region03	
	neighbor	yes	Actor0077	Actor0081	Region03	
	neighbor	yes	Actor0081	Actor0077	Region03	
	neighbor	yes	Actor0077	Actor0120	Region03	
	neighbor	yes	Actor0120	Actor0077	Region03	
	neighbor	yes	Actor0077	Actor0135	Region03	
	neighbor	yes	Actor0135	Actor0077	Region03	
	neighbor	yes	Actor0077	Actor0148	Region03	
	neighbor	yes	Actor0148	Actor0077	Region03	
	neighbor	yes	Actor0081	Actor0120	Region03	
	neighbor	yes	Actor0120	Actor0081	Region03	
	neighbor	yes	Actor0081	Actor0135	Region03	
	neighbor	yes	Actor0135	Actor0081	Region03	
	neighbor	yes	Actor0081	Actor0148	Region03	
	neighbor	yes	Actor0148	Actor0081	Region03	
	neighbor	yes	Actor0120	Actor0135	Region03	
	neighbor	yes	Actor0135	Actor0120	Region03	
	neighbor	yes	Actor0120	Actor0148	Region03	
	neighbor	yes	Actor0148	Actor0120	Region03	
	neighbor	yes	Actor0135	Actor0148	Region03	
	neighbor	yes	Actor0148	Actor0135	Region03	
	neighbor	yes	Actor0012	Actor0038	Region07	
	neighbor	yes	Actor0038	Actor0012	Region07	
	neighbor	yes	Actor0012	Actor0053	Region07	
	neighbor	yes	Actor0053	Actor0012	Region07	
	neighbor	yes	Actor0012	Actor0056	Region07	
	neighbor	yes	Actor0056	Actor0012	Region07	
	neighbor	yes	Actor0012	Actor0069	Region07	
	neighbor	yes	Actor0069	Actor0012	Region07	
	neighbor	yes	Actor0012	Actor0071	Region07	
	neighbor	yes	Actor0071	Actor0012	Region07	
	neighbor	yes	Actor0012	Actor0086	Region07	
	neighbor	yes	Actor0086	Actor0012	Region07	
	neighbor	yes	Actor0012	Actor0102	Region07	
	neighbor	yes	Actor0102	Actor0012	Region07	
	neighbor	yes	Actor0012	Actor0117	Region07	
	neighbor	yes	Actor0117	Actor0012	Region07	
	neighbor	yes	Actor0012	Actor0153	Region07	
	neighbor	yes	Actor0153	Actor0012	Region07	
	neighbor	yes	Actor0038	Actor0053	Region07	
	neighbor	yes	Actor0053	Actor0038	Region07	
	neighbor	yes	Actor0038	Actor0056	Region07	
	neighbor	yes	Actor0056	Actor0038	Region07	
	neighbor	yes	Actor0038	Actor0069	Region07	
	neighbor	yes	Actor0069	Actor0038	Region07	
	neighbor	yes	Actor0038	Actor0071	Region07	
	neighbor	yes	Actor0071	Actor0038	Region07	
	neighbor	yes	Actor0038	Actor0086	Region07	
	neighbor	yes	Actor0086	Actor0038	Region07	
	neighbor	yes	Actor0038	Actor0102	Region07	
	neighbor	yes	Actor0102	Actor0038	Region07	
	neighbor	yes	Actor0038	Actor0117	Region07	
	neighbor	yes	Actor0117	Actor0038	Region07	
	neighbor	yes	Actor0038	Actor0153	Region07	
	neighbor	yes	Actor0153	Actor0038	Region07	
	neighbor	yes	Actor0053	Actor0056	Region07	
	neighbor	yes	Actor0056	Actor0053	Region07	
	neighbor	yes	Actor0053	Actor0069	Region07	
	neighbor	yes	Actor0069	Actor0053	Region07	
	neighbor	yes	Actor0053	Actor0071	Region07	
	neighbor	yes	Actor0071	Actor0053	Region07	
	neighbor	yes	Actor0053	Actor0086	Region07	
	neighbor	yes	Actor0086	Actor0053	Region07	
	neighbor	yes	Actor0053	Actor0102	Region07	
	neighbor	yes	Actor0102	Actor0053	Region07	
	neighbor	yes	Actor0053	Actor0117	Region07	
	neighbor	yes	Actor0117	Actor0053	Region07	
	neighbor	yes	Actor0053	Actor0153	Region07	
	neighbor	yes	Actor0153	Actor0053	Region07	
	neighbor	yes	Actor0056	Actor0069	Region07	
	neighbor	yes	Actor0069	Actor0056	Region07	
	neighbor	yes	Actor0056	Actor0071	Region07	
	neighbor	yes	Actor0071	Actor0056	Region07	
	neighbor	yes	Actor0056	Actor0086	Region07	
	neighbor	yes	Actor0086	Actor0056	Region07	
	neighbor	yes	Actor0056	Actor0102	Region07	
	neighbor	yes	Actor0102	Actor0056	Region07	
	neighbor	yes	Actor0056	Actor0117	Region07	
	neighbor	yes	Actor0117	Actor0056	Region07	
	neighbor	yes	Actor0056	Actor0153	Region07	
	neighbor	yes	Actor0153	Actor0056	Region07	
	neighbor	yes	Actor0069	Actor0071	Region07	
	neighbor	yes	Actor0071	Actor0069	Region07	
	neighbor	yes	Actor0069	Actor0086	Region07	
	neighbor	yes	Actor0086	Actor0069	Region07	
	neighbor	yes	Actor0069	Actor0102	Region07	
	neighbor	yes	Actor0102	Actor0069	Region07	
	neighbor	yes	Actor0069	Actor0117	Region07	
	neighbor	yes	Actor0117	Actor0069	Region07	
	neighbor	yes	Actor0069	Actor0153	Region07	
	neighbor	yes	Actor0153	Actor0069	Region07	
	neighbor	yes	Actor0071	Actor0086	Region07	
	neighbor	yes	Actor0086	Actor0071	Region07	
	neighbor	yes	Actor0071	Actor0102	Region07	
	neighbor	yes	Actor0102	Actor0071	Region07	
	neighbor	yes	Actor0071	Actor0117	Region07	
	neighbor	yes	Actor0117	Actor0071	Region07	
	neighbor	yes	Actor0071	Actor0153	Region07	
	neighbor	yes	Actor0153	Actor0071	Region07	
	neighbor	yes	Actor0086	Actor0102	Region07	
	neighbor	yes	Actor0102	Actor0086	Region07	
	neighbor	yes	Actor0086	Actor0117	Region07	
	neighbor	yes	Actor0117	Actor0086	Region07	
	neighbor	yes	Actor0086	Actor0153	Region07	
	neighbor	yes	Actor0153	Actor0086	Region07	
	neighbor	yes	Actor0102	Actor0117	Region07	
	neighbor	yes	Actor0117	Actor0102	Region07	
	neighbor	yes	Actor0102	Actor0153	Region07	
	neighbor	yes	Actor0153	Actor0102	Region07	
	neighbor	yes	Actor0117	Actor0153	Region07	
	neighbor	yes	Actor0153	Actor0117	Region07	
	neighbor	yes	Actor0014	Actor0030	Region16	
	neighbor	yes	Actor0030	Actor0014	Region16	
	neighbor	yes	Actor0014	Actor0039	Region16	
	neighbor	yes	Actor0039	Actor0014	Region16	
	neighbor	yes	Actor0014	Actor0041	Region16	
	neighbor	yes	Actor0041	Actor0014	Region16	
	neighbor	yes	Actor0014	Actor0073	Region16	
	neighbor	yes	Actor0073	Actor0014	Region16	
	neighbor	yes	Actor0014	Actor0100	Region16	
	neighbor	yes	Actor0100	Actor0014	Region16	
	neighbor	yes	Actor0014	Actor0112	Region16	
	neighbor	yes	Actor0112	Actor0014	Region16	
	neighbor	yes	Actor0014	Actor0113	Region16	
	neighbor	yes	Actor0113	Actor0014	Region16	
	neighbor	yes	Actor0014	Actor0115	Region16	
	neighbor	yes	Actor0115	Actor0014	Region16	
	neighbor	yes	Actor0014	Actor0116	Region16	
	neighbor	yes	Actor0116	Actor0014	Region16	
	neighbor	yes	Actor0014	Actor0122	Region16	
	neighbor	yes	Actor0122	Actor0014	Region16	
	neighbor	yes	Actor0014	Actor0144	Region16	
	neighbor	yes	Actor0144	Actor0014	Region16	
	neighbor	yes	Actor0014	Actor0146	Region16	
	neighbor	yes	Actor0146	Actor0014	Region16	
	neighbor	yes	Actor0014	Actor0155	Region16	
	neighbor	yes	Actor0155	Actor0014	Region16	
	neighbor	yes	Actor0014	Actor0159	Region16	
	neighbor	yes	Actor0159	Actor0014	Region16	
	neighbor	yes	Actor0030	Actor0039	Region16	
	neighbor	yes	Actor0039	Actor0030	Region16	
	neighbor	yes	Actor0030	Actor0041	Region16	
	neighbor	yes	Actor0041	Actor0030	Region16	
	neighbor	yes	Actor0030	Actor0073	Region16	
	neighbor	yes	Actor0073	Actor0030	Region16	
	neighbor	yes	Actor0030	Actor0100	Region16	
	neighbor	yes	Actor0100	Actor0030	Region16	
	neighbor	yes	Actor0030	Actor0112	Region16	
	neighbor	yes	Actor0112	Actor0030	Region16	
	neighbor	yes	Actor0030	Actor0113	Region16	
	neighbor	yes	Actor0113	Actor0030	Region16	
	neighbor	yes	Actor0030	Actor0115	Region16	
	neighbor	yes	Actor0115	Actor0030	Region16	
	neighbor	yes	Actor0030	Actor0116	Region16	
	neighbor	yes	Actor0116	Actor0030	Region16	
	neighbor	yes	Actor0030	Actor0122	Region16	
	neighbor	yes	Actor0122	Actor0030	Region16	
	neighbor	yes	Actor0030	Actor0144	Region16	
	neighbor	yes	Actor0144	Actor0030	Region16	
	neighbor	yes	Actor0030	Actor0146	Region16	
	neighbor	yes	Actor0146	Actor0030	Region16	
	neighbor	yes	Actor0030	Actor0155	Region16	
	neighbor	yes	Actor0155	Actor0030	Region16	
	neighbor	yes	Actor0030	Actor0159	Region16	
	neighbor	yes	Actor0159	Actor0030	Region16	
	neighbor	yes	Actor0039	Actor0041	Region16	
	neighbor	yes	Actor0041	Actor0039	Region16	
	neighbor	yes	Actor0039	Actor0073	Region16	
	neighbor	yes	Actor0073	Actor0039	Region16	
	neighbor	yes	Actor0039	Actor0100	Region16	
	neighbor	yes	Actor0100	Actor0039	Region16	
	neighbor	yes	Actor0039	Actor0112	Region16	
	neighbor	yes	Actor0112	Actor0039	Region16	
	neighbor	yes	Actor0039	Actor0113	Region16	
	neighbor	yes	Actor0113	Actor0039	Region16	
	neighbor	yes	Actor0039	Actor0115	Region16	
	neighbor	yes	Actor0115	Actor0039	Region16	
	neighbor	yes	Actor0039	Actor0116	Region16	
	neighbor	yes	Actor0116	Actor0039	Region16	
	neighbor	yes	Actor0039	Actor0122	Region16	
	neighbor	yes	Actor0122	Actor0039	Region16	
	neighbor	yes	Actor0039	Actor0144	Region16	
	neighbor	yes	Actor0144	Actor0039	Region16	
	neighbor	yes	Actor0039	Actor0146	Region16	
	neighbor	yes	Actor0146	Actor0039	Region16	
	neighbor	yes	Actor0039	Actor0155	Region16	
	neighbor	yes	Actor0155	Actor0039	Region16	
	neighbor	yes	Actor0039	Actor0159	Region16	
	neighbor	yes	Actor0159	Actor0039	Region16	
	neighbor	yes	Actor0041	Actor0073	Region16	
	neighbor	yes	Actor0073	Actor0041	Region16	
	neighbor	yes	Actor0041	Actor0100	Region16	
	neighbor	yes	Actor0100	Actor0041	Region16	
	neighbor	yes	Actor0041	Actor0112	Region16	
	neighbor	yes	Actor0112	Actor0041	Region16	
	neighbor	yes	Actor0041	Actor0113	Region16	
	neighbor	yes	Actor0113	Actor0041	Region16	
	neighbor	yes	Actor0041	Actor0115	Region16	
	neighbor	yes	Actor0115	Actor0041	Region16	
	neighbor	yes	Actor0041	Actor0116	Region16	
	neighbor	yes	Actor0116	Actor0041	Region16	
	neighbor	yes	Actor0041	Actor0122	Region16	
	neighbor	yes	Actor0122	Actor0041	Region16	
	neighbor	yes	Actor0041	Actor0144	Region16	
	neighbor	yes	Actor0144	Actor0041	Region16	
	neighbor	yes	Actor0041	Actor0146	Region16	
	neighbor	yes	Actor0146	Actor0041	Region16	
	neighbor	yes	Actor0041	Actor0155	Region16	
	neighbor	yes	Actor0155	Actor0041	Region16	
	neighbor	yes	Actor0041	Actor0159	Region16	
	neighbor	yes	Actor0159	Actor0041	Region16	
	neighbor	yes	Actor0073	Actor0100	Region16	
	neighbor	yes	Actor0100	Actor0073	Region16	
	neighbor	yes	Actor0073	Actor0112	Region16	
	neighbor	yes	Actor0112	Actor0073	Region16	
	neighbor	yes	Actor0073	Actor0113	Region16	
	neighbor	yes	Actor0113	Actor0073	Region16	
	neighbor	yes	Actor0073	Actor0115	Region16	
	neighbor	yes	Actor0115	Actor0073	Region16	
	neighbor	yes	Actor0073	Actor0116	Region16	
	neighbor	yes	Actor0116	Actor0073	Region16	
	neighbor	yes	Actor0073	Actor0122	Region16	
	neighbor	yes	Actor0122	Actor0073	Region16	
	neighbor	yes	Actor0073	Actor0144	Region16	
	neighbor	yes	Actor0144	Actor0073	Region16	
	neighbor	yes	Actor0073	Actor0146	Region16	
	neighbor	yes	Actor0146	Actor0073	Region16	
	neighbor	yes	Actor0073	Actor0155	Region16	
	neighbor	yes	Actor0155	Actor0073	Region16	
	neighbor	yes	Actor0073	Actor0159	Region16	
	neighbor	yes	Actor0159	Actor0073	Region16	
	neighbor	yes	Actor0100	Actor0112	Region16	
	neighbor	yes	Actor0112	Actor0100	Region16	
	neighbor	yes	Actor0100	Actor0113	Region16	
	neighbor	yes	Actor0113	Actor0100	Region16	
	neighbor	yes	Actor0100	Actor0115	Region16	
	neighbor	yes	Actor0115	Actor0100	Region16	
	neighbor	yes	Actor0100	Actor0116	Region16	
	neighbor	yes	Actor0116	Actor0100	Region16	
	neighbor	yes	Actor0100	Actor0122	Region16	
	neighbor	yes	Actor0122	Actor0100	Region16	
	neighbor	yes	Actor0100	Actor0144	Region16	
	neighbor	yes	Actor0144	Actor0100	Region16	
	neighbor	yes	Actor0100	Actor0146	Region16	
	neighbor	yes	Actor0146	Actor0100	Region16	
	neighbor	yes	Actor0100	Actor0155	Region16	
	neighbor	yes	Actor0155	Actor0100	Region16	
	neighbor	yes	Actor0100	Actor0159	Region16	
	neighbor	yes	Actor0159	Actor0100	Region16	
	neighbor	yes	Actor0112	Actor0113	Region16	
	neighbor	yes	Actor0113	Actor0112	Region16	
	neighbor	yes	Actor0112	Actor0115	Region16	
	neighbor	yes	Actor0115	Actor0112	Region16	
	neighbor	yes	Actor0112	Actor0116	Region16	
	neighbor	yes	Actor0116	Actor0112	Region16	
	neighbor	yes	Actor0112	Actor0122	Region16	
	neighbor	yes	Actor0122	Actor0112	Region16	
	neighbor	yes	Actor0112	Actor0144	Region16	
	neighbor	yes	Actor0144	Actor0112	Region16	
	neighbor	yes	Actor0112	Actor0146	Region16	
	neighbor	yes	Actor0146	Actor0112	Region16	
	neighbor	yes	Actor0112	Actor0155	Region16	
	neighbor	yes	Actor0155	Actor0112	Region16	
	neighbor	yes	Actor0112	Actor0159	Region16	
	neighbor	yes	Actor0159	Actor0112	Region16	
	neighbor	yes	Actor0113	Actor0115	Region16	
	neighbor	yes	Actor0115	Actor0113	Region16	
	neighbor	yes	Actor0113	Actor0116	Region16	
	neighbor	yes	Actor0116	Actor0113	Region16	
	neighbor	yes	Actor0113	Actor0122	Region16	
	neighbor	yes	Actor0122	Actor0113	Region16	
	neighbor	yes	Actor0113	Actor0144	Region16	
	neighbor	yes	Actor0144	Actor0113	Region16	
	neighbor	yes	Actor0113	Actor0146	Region16	
	neighbor	yes	Actor0146	Actor0113	Region16	
	neighbor	yes	Actor0113	Actor0155	Region16	
	neighbor	yes	Actor0155	Actor0113	Region16	
	neighbor	yes	Actor0113	Actor0159	Region16	
	neighbor	yes	Actor0159	Actor0113	Region16	
	neighbor	yes	Actor0115	Actor0116	Region16	
	neighbor	yes	Actor0116	Actor0115	Region16	
	neighbor	yes	Actor0115	Actor0122	Region16	
	neighbor	yes	Actor0122	Actor0115	Region16	
	neighbor	yes	Actor0115	Actor0144	Region16	
	neighbor	yes	Actor0144	Actor0115	Region16	
	neighbor	yes	Actor0115	Actor0146	Region16	
	neighbor	yes	Actor0146	Actor0115	Region16	
	neighbor	yes	Actor0115	Actor0155	Region16	
	neighbor	yes	Actor0155	Actor0115	Region16	
	neighbor	yes	Actor0115	Actor0159	Region16	
	neighbor	yes	Actor0159	Actor0115	Region16	
	neighbor	yes	Actor0116	Actor0122	Region16	
	neighbor	yes	Actor0122	Actor0116	Region16	
	neighbor	yes	Actor0116	Actor0144	Region16	
	neighbor	yes	Actor0144	Actor0116	Region16	
	neighbor	yes	Actor0116	Actor0146	Region16	
	neighbor	yes	Actor0146	Actor0116	Region16	
	neighbor	yes	Actor0116	Actor0155	Region16	
	neighbor	yes	Actor0155	Actor0116	Region16	
	neighbor	yes	Actor0116	Actor0159	Region16	
	neighbor	yes	Actor0159	Actor0116	Region16	
	neighbor	yes	Actor0122	Actor0144	Region16	
	neighbor	yes	Actor0144	Actor0122	Region16	
	neighbor	yes	Actor0122	Actor0146	Region16	
	neighbor	yes	Actor0146	Actor0122	Region16	
	neighbor	yes	Actor0122	Actor0155	Region16	
	neighbor	yes	Actor0155	Actor0122	Region16	
	neighbor	yes	Actor0122	Actor0159	Region16	
	neighbor	yes	Actor0159	Actor0122	Region16	
	neighbor	yes	Actor0144	Actor0146	Region16	
	neighbor	yes	Actor0146	Actor0144	Region16	
	neighbor	yes	Actor0144	Actor0155	Region16	
	neighbor	yes	Actor0155	Actor0144	Region16	
	neighbor	yes	Actor0144	Actor0159	Region16	
	neighbor	yes	Actor0159	Actor0144	Region16	
	neighbor	yes	Actor0146	Actor0155	Region16	
	neighbor	yes	Actor0155	Actor0146	Region16	
	neighbor	yes	Actor0146	Actor0159	Region16	
	neighbor	yes	Actor0159	Actor0146	Region16	
	neighbor	yes	Actor0155	Actor0159	Region16	
	neighbor	yes	Actor0159	Actor0155	Region16	
	neighbor	yes	Actor0020	Actor0022	Region05	
	neighbor	yes	Actor0022	Actor0020	Region05	
	neighbor	yes	Actor0020	Actor0042	Region05	
	neighbor	yes	Actor0042	Actor0020	Region05	
	neighbor	yes	Actor0020	Actor0049	Region05	
	neighbor	yes	Actor0049	Actor0020	Region05	
	neighbor	yes	Actor0020	Actor0054	Region05	
	neighbor	yes	Actor0054	Actor0020	Region05	
	neighbor	yes	Actor0020	Actor0057	Region05	
	neighbor	yes	Actor0057	Actor0020	Region05	
	neighbor	yes	Actor0020	Actor0059	Region05	
	neighbor	yes	Actor0059	Actor0020	Region05	
	neighbor	yes	Actor0020	Actor0060	Region05	
	neighbor	yes	Actor0060	Actor0020	Region05	
	neighbor	yes	Actor0020	Actor0066	Region05	
	neighbor	yes	Actor0066	Actor0020	Region05	
	neighbor	yes	Actor0020	Actor0078	Region05	
	neighbor	yes	Actor0078	Actor0020	Region05	
	neighbor	yes	Actor0020	Actor0085	Region05	
	neighbor	yes	Actor0085	Actor0020	Region05	
	neighbor	yes	Actor0020	Actor0088	Region05	
	neighbor	yes	Actor0088	Actor0020	Region05	
	neighbor	yes	Actor0020	Actor0107	Region05	
	neighbor	yes	Actor0107	Actor0020	Region05	
	neighbor	yes	Actor0020	Actor0108	Region05	
	neighbor	yes	Actor0108	Actor0020	Region05	
	neighbor	yes	Actor0020	Actor0111	Region05	
	neighbor	yes	Actor0111	Actor0020	Region05	
	neighbor	yes	Actor0020	Actor0158	Region05	
	neighbor	yes	Actor0158	Actor0020	Region05	
	neighbor	yes	Actor0022	Actor0042	Region05	
	neighbor	yes	Actor0042	Actor0022	Region05	
	neighbor	yes	Actor0022	Actor0049	Region05	
	neighbor	yes	Actor0049	Actor0022	Region05	
	neighbor	yes	Actor0022	Actor0054	Region05	
	neighbor	yes	Actor0054	Actor0022	Region05	
	neighbor	yes	Actor0022	Actor0057	Region05	
	neighbor	yes	Actor0057	Actor0022	Region05	
	neighbor	yes	Actor0022	Actor0059	Region05	
	neighbor	yes	Actor0059	Actor0022	Region05	
	neighbor	yes	Actor0022	Actor0060	Region05	
	neighbor	yes	Actor0060	Actor0022	Region05	
	neighbor	yes	Actor0022	Actor0066	Region05	
	neighbor	yes	Actor0066	Actor0022	Region05	
	neighbor	yes	Actor0022	Actor0078	Region05	
	neighbor	yes	Actor0078	Actor0022	Region05	
	neighbor	yes	Actor0022	Actor0085	Region05	
	neighbor	yes	Actor0085	Actor0022	Region05	
	neighbor	yes	Actor0022	Actor0088	Region05	
	neighbor	yes	Actor0088	Actor0022	Region05	
	neighbor	yes	Actor0022	Actor0107	Region05	
	neighbor	yes	Actor0107	Actor0022	Region05	
	neighbor	yes	Actor0022	Actor0108	Region05	
	neighbor	yes	Actor0108	Actor0022	Region05	
	neighbor	yes	Actor0022	Actor0111	Region05	
	neighbor	yes	Actor0111	Actor0022	Region05	
	neighbor	yes	Actor0022	Actor0158	Region05	
	neighbor	yes	Actor0158	Actor0022	Region05	
	neighbor	yes	Actor0042	Actor0049	Region05	
	neighbor	yes	Actor0049	Actor0042	Region05	
	neighbor	yes	Actor0042	Actor0054	Region05	
	neighbor	yes	Actor0054	Actor0042	Region05	
	neighbor	yes	Actor0042	Actor0057	Region05	
	neighbor	yes	Actor0057	Actor0042	Region05	
	neighbor	yes	Actor0042	Actor0059	Region05	
	neighbor	yes	Actor0059	Actor0042	Region05	
	neighbor	yes	Actor0042	Actor0060	Region05	
	neighbor	yes	Actor0060	Actor0042	Region05	
	neighbor	yes	Actor0042	Actor0066	Region05	
	neighbor	yes	Actor0066	Actor0042	Region05	
	neighbor	yes	Actor0042	Actor0078	Region05	
	neighbor	yes	Actor0078	Actor0042	Region05	
	neighbor	yes	Actor0042	Actor0085	Region05	
	neighbor	yes	Actor0085	Actor0042	Region05	
	neighbor	yes	Actor0042	Actor0088	Region05	
	neighbor	yes	Actor0088	Actor0042	Region05	
	neighbor	yes	Actor0042	Actor0107	Region05	
	neighbor	yes	Actor0107	Actor0042	Region05	
	neighbor	yes	Actor0042	Actor0108	Region05	
	neighbor	yes	Actor0108	Actor0042	Region05	
	neighbor	yes	Actor0042	Actor0111	Region05	
	neighbor	yes	Actor0111	Actor0042	Region05	
	neighbor	yes	Actor0042	Actor0158	Region05	
	neighbor	yes	Actor0158	Actor0042	Region05	
	neighbor	yes	Actor0049	Actor0054	Region05	
	neighbor	yes	Actor0054	Actor0049	Region05	
	neighbor	yes	Actor0049	Actor0057	Region05	
	neighbor	yes	Actor0057	Actor0049	Region05	
	neighbor	yes	Actor0049	Actor0059	Region05	
	neighbor	yes	Actor0059	Actor0049	Region05	
	neighbor	yes	Actor0049	Actor0060	Region05	
	neighbor	yes	Actor0060	Actor0049	Region05	
	neighbor	yes	Actor0049	Actor0066	Region05	
	neighbor	yes	Actor0066	Actor0049	Region05	
	neighbor	yes	Actor0049	Actor0078	Region05	
	neighbor	yes	Actor0078	Actor0049	Region05	
	neighbor	yes	Actor0049	Actor0085	Region05	
	neighbor	yes	Actor0085	Actor0049	Region05	
	neighbor	yes	Actor0049	Actor0088	Region05	
	neighbor	yes	Actor0088	Actor0049	Region05	
	neighbor	yes	Actor0049	Actor0107	Region05	
	neighbor	yes	Actor0107	Actor0049	Region05	
	neighbor	yes	Actor0049	Actor0108	Region05	
	neighbor	yes	Actor0108	Actor0049	Region05	
	neighbor	yes	Actor0049	Actor0111	Region05	
	neighbor	yes	Actor0111	Actor0049	Region05	
	neighbor	yes	Actor0049	Actor0158	Region05	
	neighbor	yes	Actor0158	Actor0049	Region05	
	neighbor	yes	Actor0054	Actor0057	Region05	
	neighbor	yes	Actor0057	Actor0054	Region05	
	neighbor	yes	Actor0054	Actor0059	Region05	
	neighbor	yes	Actor0059	Actor0054	Region05	
	neighbor	yes	Actor0054	Actor0060	Region05	
	neighbor	yes	Actor0060	Actor0054	Region05	
	neighbor	yes	Actor0054	Actor0066	Region05	
	neighbor	yes	Actor0066	Actor0054	Region05	
	neighbor	yes	Actor0054	Actor0078	Region05	
	neighbor	yes	Actor0078	Actor0054	Region05	
	neighbor	yes	Actor0054	Actor0085	Region05	
	neighbor	yes	Actor0085	Actor0054	Region05	
	neighbor	yes	Actor0054	Actor0088	Region05	
	neighbor	yes	Actor0088	Actor0054	Region05	
	neighbor	yes	Actor0054	Actor0107	Region05	
	neighbor	yes	Actor0107	Actor0054	Region05	
	neighbor	yes	Actor0054	Actor0108	Region05	
	neighbor	yes	Actor0108	Actor0054	Region05	
	neighbor	yes	Actor0054	Actor0111	Region05	
	neighbor	yes	Actor0111	Actor0054	Region05	
	neighbor	yes	Actor0054	Actor0158	Region05	
	neighbor	yes	Actor0158	Actor0054	Region05	
	neighbor	yes	Actor0057	Actor0059	Region05	
	neighbor	yes	Actor0059	Actor0057	Region05	
	neighbor	yes	Actor0057	Actor0060	Region05	
	neighbor	yes	Actor0060	Actor0057	Region05	
	neighbor	yes	Actor0057	Actor0066	Region05	
	neighbor	yes	Actor0066	Actor0057	Region05	
	neighbor	yes	Actor0057	Actor0078	Region05	
	neighbor	yes	Actor0078	Actor0057	Region05	
	neighbor	yes	Actor0057	Actor0085	Region05	
	neighbor	yes	Actor0085	Actor0057	Region05	
	neighbor	yes	Actor0057	Actor0088	Region05	
	neighbor	yes	Actor0088	Actor0057	Region05	
	neighbor	yes	Actor0057	Actor0107	Region05	
	neighbor	yes	Actor0107	Actor0057	Region05	
	neighbor	yes	Actor0057	Actor0108	Region05	
	neighbor	yes	Actor0108	Actor0057	Region05	
	neighbor	yes	Actor0057	Actor0111	Region05	
	neighbor	yes	Actor0111	Actor0057	Region05	
	neighbor	yes	Actor0057	Actor0158	Region05	
	neighbor	yes	Actor0158	Actor0057	Region05	
	neighbor	yes	Actor0059	Actor0060	Region05	
	neighbor	yes	Actor0060	Actor0059	Region05	
	neighbor	yes	Actor0059	Actor0066	Region05	
	neighbor	yes	Actor0066	Actor0059	Region05	
	neighbor	yes	Actor0059	Actor0078	Region05	
	neighbor	yes	Actor0078	Actor0059	Region05	
	neighbor	yes	Actor0059	Actor0085	Region05	
	neighbor	yes	Actor0085	Actor0059	Region05	
	neighbor	yes	Actor0059	Actor0088	Region05	
	neighbor	yes	Actor0088	Actor0059	Region05	
	neighbor	yes	Actor0059	Actor0107	Region05	
	neighbor	yes	Actor0107	Actor0059	Region05	
	neighbor	yes	Actor0059	Actor0108	Region05	
	neighbor	yes	Actor0108	Actor0059	Region05	
	neighbor	yes	Actor0059	Actor0111	Region05	
	neighbor	yes	Actor0111	Actor0059	Region05	
	neighbor	yes	Actor0059	Actor0158	Region05	
	neighbor	yes	Actor0158	Actor0059	Region05	
	neighbor	yes	Actor0060	Actor0066	Region05	
	neighbor	yes	Actor0066	Actor0060	Region05	
	neighbor	yes	Actor0060	Actor0078	Region05	
	neighbor	yes	Actor0078	Actor0060	Region05	
	neighbor	yes	Actor0060	Actor0085	Region05	
	neighbor	yes	Actor0085	Actor0060	Region05	
	neighbor	yes	Actor0060	Actor0088	Region05	
	neighbor	yes	Actor0088	Actor0060	Region05	
	neighbor	yes	Actor0060	Actor0107	Region05	
	neighbor	yes	Actor0107	Actor0060	Region05	
	neighbor	yes	Actor0060	Actor0108	Region05	
	neighbor	yes	Actor0108	Actor0060	Region05	
	neighbor	yes	Actor0060	Actor0111	Region05	
	neighbor	yes	Actor0111	Actor0060	Region05	
	neighbor	yes	Actor0060	Actor0158	Region05	
	neighbor	yes	Actor0158	Actor0060	Region05	
	neighbor	yes	Actor0066	Actor0078	Region05	
	neighbor	yes	Actor0078	Actor0066	Region05	
	neighbor	yes	Actor0066	Actor0085	Region05	
	neighbor	yes	Actor0085	Actor0066	Region05	
	neighbor	yes	Actor0066	Actor0088	Region05	
	neighbor	yes	Actor0088	Actor0066	Region05	
	neighbor	yes	Actor0066	Actor0107	Region05	
	neighbor	yes	Actor0107	Actor0066	Region05	
	neighbor	yes	Actor0066	Actor0108	Region05	
	neighbor	yes	Actor0108	Actor0066	Region05	
	neighbor	yes	Actor0066	Actor0111	Region05	
	neighbor	yes	Actor0111	Actor0066	Region05	
	neighbor	yes	Actor0066	Actor0158	Region05	
	neighbor	yes	Actor0158	Actor0066	Region05	
	neighbor	yes	Actor0078	Actor0085	Region05	
	neighbor	yes	Actor0085	Actor0078	Region05	
	neighbor	yes	Actor0078	Actor0088	Region05	
	neighbor	yes	Actor0088	Actor0078	Region05	
	neighbor	yes	Actor0078	Actor0107	Region05	
	neighbor	yes	Actor0107	Actor0078	Region05	
	neighbor	yes	Actor0078	Actor0108	Region05	
	neighbor	yes	Actor0108	Actor0078	Region05	
	neighbor	yes	Actor0078	Actor0111	Region05	
	neighbor	yes	Actor0111	Actor0078	Region05	
	neighbor	yes	Actor0078	Actor0158	Region05	
	neighbor	yes	Actor0158	Actor0078	Region05	
	neighbor	yes	Actor0085	Actor0088	Region05	
	neighbor	yes	Actor0088	Actor0085	Region05	
	neighbor	yes	Actor0085	Actor0107	Region05	
	neighbor	yes	Actor0107	Actor0085	Region05	
	neighbor	yes	Actor0085	Actor0108	Region05	
	neighbor	yes	Actor0108	Actor0085	Region05	
	neighbor	yes	Actor0085	Actor0111	Region05	
	neighbor	yes	Actor0111	Actor0085	Region05	
	neighbor	yes	Actor0085	Actor0158	Region05	
	neighbor	yes	Actor0158	Actor0085	Region05	
	neighbor	yes	Actor0088	Actor0107	Region05	
	neighbor	yes	Actor0107	Actor0088	Region05	
	neighbor	yes	Actor0088	Actor0108	Region05	
	neighbor	yes	Actor0108	Actor0088	Region05	
	neighbor	yes	Actor0088	Actor0111	Region05	
	neighbor	yes	Actor0111	Actor0088	Region05	
	neighbor	yes	Actor0088	Actor0158	Region05	
	neighbor	yes	Actor0158	Actor0088	Region05	
	neighbor	yes	Actor0107	Actor0108	Region05	
	neighbor	yes	Actor0108	Actor0107	Region05	
	neighbor	yes	Actor0107	Actor0111	Region05	
	neighbor	yes	Actor0111	Actor0107	Region05	
	neighbor	yes	Actor0107	Actor0158	Region05	
	neighbor	yes	Actor0158	Actor0107	Region05	
	neighbor	yes	Actor0108	Actor0111	Region05	
	neighbor	yes	Actor0111	Actor0108	Region05	
	neighbor	yes	Actor0108	Actor0158	Region05	
	neighbor	yes	Actor0158	Actor0108	Region05	
	neighbor	yes	Actor0111	Actor0158	Region05	
	neighbor	yes	Actor0158	Actor0111	Region05	
	neighbor	yes	Actor0023	Actor0067	Region10	
	neighbor	yes	Actor0067	Actor0023	Region10	
	neighbor	yes	Actor0023	Actor0091	Region10	
	neighbor	yes	Actor0091	Actor0023	Region10	
	neighbor	yes	Actor0023	Actor0095	Region10	
	neighbor	yes	Actor0095	Actor0023	Region10	
	neighbor	yes	Actor0023	Actor0104	Region10	
	neighbor	yes	Actor0104	Actor0023	Region10	
	neighbor	yes	Actor0023	Actor0119	Region10	
	neighbor	yes	Actor0119	Actor0023	Region10	
	neighbor	yes	Actor0023	Actor0127	Region10	
	neighbor	yes	Actor0127	Actor0023	Region10	
	neighbor	yes	Actor0023	Actor0137	Region10	
	neighbor	yes	Actor0137	Actor0023	Region10	
	neighbor	yes	Actor0023	Actor0149	Region10	
	neighbor	yes	Actor0149	Actor0023	Region10	
	neighbor	yes	Actor0023	Actor0152	Region10	
	neighbor	yes	Actor0152	Actor0023	Region10	
	neighbor	yes	Actor0067	Actor0091	Region10	
	neighbor	yes	Actor0091	Actor0067	Region10	
	neighbor	yes	Actor0067	Actor0095	Region10	
	neighbor	yes	Actor0095	Actor0067	Region10	
	neighbor	yes	Actor0067	Actor0104	Region10	
	neighbor	yes	Actor0104	Actor0067	Region10	
	neighbor	yes	Actor0067	Actor0119	Region10	
	neighbor	yes	Actor0119	Actor0067	Region10	
	neighbor	yes	Actor0067	Actor0127	Region10	
	neighbor	yes	Actor0127	Actor0067	Region10	
	neighbor	yes	Actor0067	Actor0137	Region10	
	neighbor	yes	Actor0137	Actor0067	Region10	
	neighbor	yes	Actor0067	Actor0149	Region10	
	neighbor	yes	Actor0149	Actor0067	Region10	
	neighbor	yes	Actor0067	Actor0152	Region10	
	neighbor	yes	Actor0152	Actor0067	Region10	
	neighbor	yes	Actor0091	Actor0095	Region10	
	neighbor	yes	Actor0095	Actor0091	Region10	
	neighbor	yes	Actor0091	Actor0104	Region10	
	neighbor	yes	Actor0104	Actor0091	Region10	
	neighbor	yes	Actor0091	Actor0119	Region10	
	neighbor	yes	Actor0119	Actor0091	Region10	
	neighbor	yes	Actor0091	Actor0127	Region10	
	neighbor	yes	Actor0127	Actor0091	Region10	
	neighbor	yes	Actor0091	Actor0137	Region10	
	neighbor	yes	Actor0137	Actor0091	Region10	
	neighbor	yes	Actor0091	Actor0149	Region10	
	neighbor	yes	Actor0149	Actor0091	Region10	
	neighbor	yes	Actor0091	Actor0152	Region10	
	neighbor	yes	Actor0152	Actor0091	Region10	
	neighbor	yes	Actor0095	Actor0104	Region10	
	neighbor	yes	Actor0104	Actor0095	Region10	
	neighbor	yes	Actor0095	Actor0119	Region10	
	neighbor	yes	Actor0119	Actor0095	Region10	
	neighbor	yes	Actor0095	Actor0127	Region10	
	neighbor	yes	Actor0127	Actor0095	Region10	
	neighbor	yes	Actor0095	Actor0137	Region10	
	neighbor	yes	Actor0137	Actor0095	Region10	
	neighbor	yes	Actor0095	Actor0149	Region10	
	neighbor	yes	Actor0149	Actor0095	Region10	
	neighbor	yes	Actor0095	Actor0152	Region10	
	neighbor	yes	Actor0152	Actor0095	Region10	
	neighbor	yes	Actor0104	Actor0119	Region10	
	neighbor	yes	Actor0119	Actor0104	Region10	
	neighbor	yes	Actor0104	Actor0127	Region10	
	neighbor	yes	Actor0127	Actor0104	Region10	
	neighbor	yes	Actor0104	Actor0137	Region10	
	neighbor	yes	Actor0137	Actor0104	Region10	
	neighbor	yes	Actor0104	Actor0149	Region10	
	neighbor	yes	Actor0149	Actor0104	Region10	
	neighbor	yes	Actor0104	Actor0152	Region10	
	neighbor	yes	Actor0152	Actor0104	Region10	
	neighbor	yes	Actor0119	Actor0127	Region10	
	neighbor	yes	Actor0127	Actor0119	Region10	
	neighbor	yes	Actor0119	Actor0137	Region10	
	neighbor	yes	Actor0137	Actor0119	Region10	
	neighbor	yes	Actor0119	Actor0149	Region10	
	neighbor	yes	Actor0149	Actor0119	Region10	
	neighbor	yes	Actor0119	Actor0152	Region10	
	neighbor	yes	Actor0152	Actor0119	Region10	
	neighbor	yes	Actor0127	Actor0137	Region10	
	neighbor	yes	Actor0137	Actor0127	Region10	
	neighbor	yes	Actor0127	Actor0149	Region10	
	neighbor	yes	Actor0149	Actor0127	Region10	
	neighbor	yes	Actor0127	Actor0152	Region10	
	neighbor	yes	Actor0152	Actor0127	Region10	
	neighbor	yes	Actor0137	Actor0149	Region10	
	neighbor	yes	Actor0149	Actor0137	Region10	
	neighbor	yes	Actor0137	Actor0152	Region10	
	neighbor	yes	Actor0152	Actor0137	Region10	
	neighbor	yes	Actor0149	Actor0152	Region10	
	neighbor	yes	Actor0152	Actor0149	Region10	
	neighbor	yes	Actor0025	Actor0037	Region09	
	neighbor	yes	Actor0037	Actor0025	Region09	
	neighbor	yes	Actor0025	Actor0050	Region09	
	neighbor	yes	Actor0050	Actor0025	Region09	
	neighbor	yes	Actor0025	Actor0130	Region09	
	neighbor	yes	Actor0130	Actor0025	Region09	
	neighbor	yes	Actor0025	Actor0138	Region09	
	neighbor	yes	Actor0138	Actor0025	Region09	
	neighbor	yes	Actor0037	Actor0050	Region09	
	neighbor	yes	Actor0050	Actor0037	Region09	
	neighbor	yes	Actor0037	Actor0130	Region09	
	neighbor	yes	Actor0130	Actor0037	Region09	
	neighbor	yes	Actor0037	Actor0138	Region09	
	neighbor	yes	Actor0138	Actor0037	Region09	
	neighbor	yes	Actor0050	Actor0130	Region09	
	neighbor	yes	Actor0130	Actor0050	Region09	
	neighbor	yes	Actor0050	Actor0138	Region09	
	neighbor	yes	Actor0138	Actor0050	Region09	
	neighbor	yes	Actor0130	Actor0138	Region09	
	neighbor	yes	Actor0138	Actor0130	Region09	
	neighbor	yes	Actor0033	Actor0061	Region01	
	neighbor	yes	Actor0061	Actor0033	Region01	
	neighbor	yes	Actor0033	Actor0068	Region01	
	neighbor	yes	Actor0068	Actor0033	Region01	
	neighbor	yes	Actor0033	Actor0072	Region01	
	neighbor	yes	Actor0072	Actor0033	Region01	
	neighbor	yes	Actor0033	Actor0074	Region01	
	neighbor	yes	Actor0074	Actor0033	Region01	
	neighbor	yes	Actor0033	Actor0080	Region01	
	neighbor	yes	Actor0080	Actor0033	Region01	
	neighbor	yes	Actor0033	Actor0101	Region01	
	neighbor	yes	Actor0101	Actor0033	Region01	
	neighbor	yes	Actor0033	Actor0118	Region01	
	neighbor	yes	Actor0118	Actor0033	Region01	
	neighbor	yes	Actor0033	Actor0131	Region01	
	neighbor	yes	Actor0131	Actor0033	Region01	
	neighbor	yes	Actor0033	Actor0134	Region01	
	neighbor	yes	Actor0134	Actor0033	Region01	
	neighbor	yes	Actor0061	Actor0068	Region01	
	neighbor	yes	Actor0068	Actor0061	Region01	
	neighbor	yes	Actor0061	Actor0072	Region01	
	neighbor	yes	Actor0072	Actor0061	Region01	
	neighbor	yes	Actor0061	Actor0074	Region01	
	neighbor	yes	Actor0074	Actor0061	Region01	
	neighbor	yes	Actor0061	Actor0080	Region01	
	neighbor	yes	Actor0080	Actor0061	Region01	
	neighbor	yes	Actor0061	Actor0101	Region01	
	neighbor	yes	Actor0101	Actor0061	Region01	
	neighbor	yes	Actor0061	Actor0118	Region01	
	neighbor	yes	Actor0118	Actor0061	Region01	
	neighbor	yes	Actor0061	Actor0131	Region01	
	neighbor	yes	Actor0131	Actor0061	Region01	
	neighbor	yes	Actor0061	Actor0134	Region01	
	neighbor	yes	Actor0134	Actor0061	Region01	
	neighbor	yes	Actor0068	Actor0072	Region01	
	neighbor	yes	Actor0072	Actor0068	Region01	
	neighbor	yes	Actor0068	Actor0074	Region01	
	neighbor	yes	Actor0074	Actor0068	Region01	
	neighbor	yes	Actor0068	Actor0080	Region01	
	neighbor	yes	Actor0080	Actor0068	Region01	
	neighbor	yes	Actor0068	Actor0101	Region01	
	neighbor	yes	Actor0101	Actor0068	Region01	
	neighbor	yes	Actor0068	Actor0118	Region01	
	neighbor	yes	Actor0118	Actor0068	Region01	
	neighbor	yes	Actor0068	Actor0131	Region01	
	neighbor	yes	Actor0131	Actor0068	Region01	
	neighbor	yes	Actor0068	Actor0134	Region01	
	neighbor	yes	Actor0134	Actor0068	Region01	
	neighbor	yes	Actor0072	Actor0074	Region01	
	neighbor	yes	Actor0074	Actor0072	Region01	
	neighbor	yes	Actor0072	Actor0080	Region01	
	neighbor	yes	Actor0080	Actor0072	Region01	
	neighbor	yes	Actor0072	Actor0101	Region01	
	neighbor	yes	Actor0101	Actor0072	Region01	
	neighbor	yes	Actor0072	Actor0118	Region01	
	neighbor	yes	Actor0118	Actor0072	Region01	
	neighbor	yes	Actor0072	Actor0131	Region01	
	neighbor	yes	Actor0131	Actor0072	Region01	
	neighbor	yes	Actor0072	Actor0134	Region01	
	neighbor	yes	Actor0134	Actor0072	Region01	
	neighbor	yes	Actor0074	Actor0080	Region01	
	neighbor	yes	Actor0080	Actor0074	Region01	
	neighbor	yes	Actor0074	Actor0101	Region01	
	neighbor	yes	Actor0101	Actor0074	Region01	
	neighbor	yes	Actor0074	Actor0118	Region01	
	neighbor	yes	Actor0118	Actor0074	Region01	
	neighbor	yes	Actor0074	Actor0131	Region01	
	neighbor	yes	Actor0131	Actor0074	Region01	
	neighbor	yes	Actor0074	Actor0134	Region01	
	neighbor	yes	Actor0134	Actor0074	Region01	
	neighbor	yes	Actor0080	Actor0101	Region01	
	neighbor	yes	Actor0101	Actor0080	Region01	
	neighbor	yes	Actor0080	Actor0118	Region01	
	neighbor	yes	Actor0118	Actor0080	Region01	
	neighbor	yes	Actor0080	Actor0131	Region01	
	neighbor	yes	Actor0131	Actor0080	Region01	
	neighbor	yes	Actor0080	Actor0134	Region01	
	neighbor	yes	Actor0134	Actor0080	Region01	
	neighbor	yes	Actor0101	Actor0118	Region01	
	neighbor	yes	Actor0118	Actor0101	Region01	
	neighbor	yes	Actor0101	Actor0131	Region01	
	neighbor	yes	Actor0131	Actor0101	Region01	
	neighbor	yes	Actor0101	Actor0134	Region01	
	neighbor	yes	Actor0134	Actor0101	Region01	
	neighbor	yes	Actor0118	Actor0131	Region01	
	neighbor	yes	Actor0131	Actor0118	Region01	
	neighbor	yes	Actor0118	Actor0134	Region01	
	neighbor	yes	Actor0134	Actor0118	Region01	
	neighbor	yes	Actor0131	Actor0134	Region01	
	neighbor	yes	Actor0134	Actor0131	Region01	
	neighbor	yes	Actor0035	Actor0036	Region08	
	neighbor	yes	Actor0036	Actor0035	Region08	
	neighbor	yes	Actor0035	Actor0044	Region08	
	neighbor	yes	Actor0044	Actor0035	Region08	
	neighbor	yes	Actor0035	Actor0047	Region08	
	neighbor	yes	Actor0047	Actor0035	Region08	
	neighbor	yes	Actor0035	Actor0051	Region08	
	neighbor	yes	Actor0051	Actor0035	Region08	
	neighbor	yes	Actor0035	Actor0052	Region08	
	neighbor	yes	Actor0052	Actor0035	Region08	
	neighbor	yes	Actor0035	Actor0064	Region08	
	neighbor	yes	Actor0064	Actor0035	Region08	
	neighbor	yes	Actor0035	Actor0075	Region08	
	neighbor	yes	Actor0075	Actor0035	Region08	
	neighbor	yes	Actor0035	Actor0136	Region08	
	neighbor	yes	Actor0136	Actor0035	Region08	
	neighbor	yes	Actor0035	Actor0143	Region08	
	neighbor	yes	Actor0143	Actor0035	Region08	
	neighbor	yes	Actor0035	Actor0150	Region08	
	neighbor	yes	Actor0150	Actor0035	Region08	
	neighbor	yes	Actor0036	Actor0044	Region08	
	neighbor	yes	Actor0044	Actor0036	Region08	
	neighbor	yes	Actor0036	Actor0047	Region08	
	neighbor	yes	Actor0047	Actor0036	Region08	
	neighbor	yes	Actor0036	Actor0051	Region08	
	neighbor	yes	Actor0051	Actor0036	Region08	
	neighbor	yes	Actor0036	Actor0052	Region08	
	neighbor	yes	Actor0052	Actor0036	Region08	
	neighbor	yes	Actor0036	Actor0064	Region08	
	neighbor	yes	Actor0064	Actor0036	Region08	
	neighbor	yes	Actor0036	Actor0075	Region08	
	neighbor	yes	Actor0075	Actor0036	Region08	
	neighbor	yes	Actor0036	Actor0136	Region08	
	neighbor	yes	Actor0136	Actor0036	Region08	
	neighbor	yes	Actor0036	Actor0143	Region08	
	neighbor	yes	Actor0143	Actor0036	Region08	
	neighbor	yes	Actor0036	Actor0150	Region08	
	neighbor	yes	Actor0150	Actor0036	Region08	
	neighbor	yes	Actor0044	Actor0047	Region08	
	neighbor	yes	Actor0047	Actor0044	Region08	
	neighbor	yes	Actor0044	Actor0051	Region08	
	neighbor	yes	Actor0051	Actor0044	Region08	
	neighbor	yes	Actor0044	Actor0052	Region08	
	neighbor	yes	Actor0052	Actor0044	Region08	
	neighbor	yes	Actor0044	Actor0064	Region08	
	neighbor	yes	Actor0064	Actor0044	Region08	
	neighbor	yes	Actor0044	Actor0075	Region08	
	neighbor	yes	Actor0075	Actor0044	Region08	
	neighbor	yes	Actor0044	Actor0136	Region08	
	neighbor	yes	Actor0136	Actor0044	Region08	
	neighbor	yes	Actor0044	Actor0143	Region08	
	neighbor	yes	Actor0143	Actor0044	Region08	
	neighbor	yes	Actor0044	Actor0150	Region08	
	neighbor	yes	Actor0150	Actor0044	Region08	
	neighbor	yes	Actor0047	Actor0051	Region08	
	neighbor	yes	Actor0051	Actor0047	Region08	
	neighbor	yes	Actor0047	Actor0052	Region08	
	neighbor	yes	Actor0052	Actor0047	Region08	
	neighbor	yes	Actor0047	Actor0064	Region08	
	neighbor	yes	Actor0064	Actor0047	Region08	
	neighbor	yes	Actor0047	Actor0075	Region08	
	neighbor	yes	Actor0075	Actor0047	Region08	
	neighbor	yes	Actor0047	Actor0136	Region08	
	neighbor	yes	Actor0136	Actor0047	Region08	
	neighbor	yes	Actor0047	Actor0143	Region08	
	neighbor	yes	Actor0143	Actor0047	Region08	
	neighbor	yes	Actor0047	Actor0150	Region08	
	neighbor	yes	Actor0150	Actor0047	Region08	
	neighbor	yes	Actor0051	Actor0052	Region08	
	neighbor	yes	Actor0052	Actor0051	Region08	
	neighbor	yes	Actor0051	Actor0064	Region08	
	neighbor	yes	Actor0064	Actor0051	Region08	
	neighbor	yes	Actor0051	Actor0075	Region08	
	neighbor	yes	Actor0075	Actor0051	Region08	
	neighbor	yes	Actor0051	Actor0136	Region08	
	neighbor	yes	Actor0136	Actor0051	Region08	
	neighbor	yes	Actor0051	Actor0143	Region08	
	neighbor	yes	Actor0143	Actor0051	Region08	
	neighbor	yes	Actor0051	Actor0150	Region08	
	neighbor	yes	Actor0150	Actor0051	Region08	
	neighbor	yes	Actor0052	Actor0064	Region08	
	neighbor	yes	Actor0064	Actor0052	Region08	
	neighbor	yes	Actor0052	Actor0075	Region08	
	neighbor	yes	Actor0075	Actor0052	Region08	
	neighbor	yes	Actor0052	Actor0136	Region08	
	neighbor	yes	Actor0136	Actor0052	Region08	
	neighbor	yes	Actor0052	Actor0143	Region08	
	neighbor	yes	Actor0143	Actor0052	Region08	
	neighbor	yes	Actor0052	Actor0150	Region08	
	neighbor	yes	Actor0150	Actor0052	Region08	
	neighbor	yes	Actor0064	Actor0075	Region08	
	neighbor	yes	Actor0075	Actor0064	Region08	
	neighbor	yes	Actor0064	Actor0136	Region08	
	neighbor	yes	Actor0136	Actor0064	Region08	
	neighbor	yes	Actor0064	Actor0143	Region08	
	neighbor	yes	Actor0143	Actor0064	Region08	
	neighbor	yes	Actor0064	Actor0150	Region08	
	neighbor	yes	Actor0150	Actor0064	Region08	
	neighbor	yes	Actor0075	Actor0136	Region08	
	neighbor	yes	Actor0136	Actor0075	Region08	
	neighbor	yes	Actor0075	Actor0143	Region08	
	neighbor	yes	Actor0143	Actor0075	Region08	
	neighbor	yes	Actor0075	Actor0150	Region08	
	neighbor	yes	Actor0150	Actor0075	Region08	
	neighbor	yes	Actor0136	Actor0143	Region08	
	neighbor	yes	Actor0143	Actor0136	Region08	
	neighbor	yes	Actor0136	Actor0150	Region08	
	neighbor	yes	Actor0150	Actor0136	Region08	
	neighbor	yes	Actor0143	Actor0150	Region08	
	neighbor	yes	Actor0150	Actor0143	Region08	
	neighbor	yes	Actor0058	Actor0070	Region06	
	neighbor	yes	Actor0070	Actor0058	Region06	
	neighbor	yes	Actor0058	Actor0097	Region06	
	neighbor	yes	Actor0097	Actor0058	Region06	
	neighbor	yes	Actor0058	Actor0147	Region06	
	neighbor	yes	Actor0147	Actor0058	Region06	
	neighbor	yes	Actor0070	Actor0097	Region06	
	neighbor	yes	Actor0097	Actor0070	Region06	
	neighbor	yes	Actor0070	Actor0147	Region06	
	neighbor	yes	Actor0147	Actor0070	Region06	
	neighbor	yes	Actor0097	Actor0147	Region06	
	neighbor	yes	Actor0147	Actor0097	Region06	
